RF1,RF2,RF3,RF4,RF5,RF6,RF7,RF8,RF9,RF10,est,lci,uci
0,0,0,0,0,0,0,0,0,0,1,1,1
0,0,0,0,0,0,0,0,0,1,1.401,1.322,1.478
0,0,0,0,0,0,0,0,1,0,1.234,1.194,1.276
0,0,0,0,0,0,0,0,1,1,1.384,1.289,1.473
0,0,0,0,0,0,0,1,0,0,3.719,2.701,5.216
0,0,0,0,0,0,0,1,0,1,4.159,3.024,5.951
0,0,0,0,0,0,0,1,1,0,3.67,2.64,5.182
0,0,0,0,0,0,0,1,1,1,4.111,2.973,5.898
0,0,0,0,0,0,1,0,0,0,2.595,1.092,6.404
0,0,0,0,0,0,1,0,0,1,2.908,1.21,7.053
0,0,0,0,0,0,1,0,1,0,2.562,1.078,6.237
0,0,0,0,0,0,1,0,1,1,2.86,1.194,6.927
0,0,0,0,0,0,1,1,0,0,7.865,2.952,19.874
0,0,0,0,0,0,1,1,0,1,8.805,3.304,21.962
0,0,0,0,0,0,1,1,1,0,7.747,2.945,19.432
0,0,0,0,0,0,1,1,1,1,8.694,3.258,21.727
0,0,0,0,0,1,0,0,0,0,1.854,1.737,1.97
0,0,0,0,0,1,0,0,0,1,2.074,1.91,2.254
0,0,0,0,0,1,0,0,1,0,1.831,1.699,1.955
0,0,0,0,0,1,0,0,1,1,2.052,1.871,2.231
0,0,0,0,0,1,0,1,0,0,5.488,3.952,7.751
0,0,0,0,0,1,0,1,0,1,6.155,4.42,8.772
0,0,0,0,0,1,0,1,1,0,5.425,3.875,7.708
0,0,0,0,0,1,0,1,1,1,6.095,4.341,8.723
0,0,0,0,0,1,1,0,0,0,3.845,1.608,9.425
0,0,0,0,0,1,1,0,0,1,4.311,1.776,10.542
0,0,0,0,0,1,1,0,1,0,3.755,1.577,9.152
0,0,0,0,0,1,1,0,1,1,4.247,1.743,10.295
0,0,0,0,0,1,1,1,0,0,11.596,4.347,28.736
0,0,0,0,0,1,1,1,0,1,12.994,4.944,32.515
0,0,0,0,0,1,1,1,1,0,11.463,4.233,28.486
0,0,0,0,0,1,1,1,1,1,12.853,4.805,31.66
0,0,0,0,1,0,0,0,0,0,3.115,2.74,3.533
0,0,0,0,1,0,0,0,0,1,3.487,3.023,4.03
0,0,0,0,1,0,0,0,1,0,3.079,2.682,3.487
0,0,0,0,1,0,0,0,1,1,3.444,2.971,3.979
0,0,0,0,1,0,0,1,0,0,9.219,6.523,13.099
0,0,0,0,1,0,0,1,0,1,10.333,7.34,14.769
0,0,0,0,1,0,0,1,1,0,9.145,6.507,12.874
0,0,0,0,1,0,0,1,1,1,10.219,7.239,14.657
0,0,0,0,1,0,1,0,0,0,6.495,2.734,15.687
0,0,0,0,1,0,1,0,0,1,7.264,3.08,17.449
0,0,0,0,1,0,1,0,1,0,6.414,2.723,15.457
0,0,0,0,1,0,1,0,1,1,7.183,3.058,17.125
0,0,0,0,1,0,1,1,0,0,19.367,7.536,49.603
0,0,0,0,1,0,1,1,0,1,21.679,8.443,56.615
0,0,0,0,1,0,1,1,1,0,19.15,7.347,49.32
0,0,0,0,1,0,1,1,1,1,21.438,8.297,56.046
0,0,0,0,1,1,0,0,0,0,4.613,4.008,5.289
0,0,0,0,1,1,0,0,0,1,5.155,4.42,6.032
0,0,0,0,1,1,0,0,1,0,4.557,3.926,5.248
0,0,0,0,1,1,0,0,1,1,5.097,4.361,5.97
0,0,0,0,1,1,0,1,0,0,13.802,9.582,19.577
0,0,0,0,1,1,0,1,0,1,15.423,10.683,21.856
0,0,0,0,1,1,0,1,1,0,13.605,9.481,19.313
0,0,0,0,1,1,0,1,1,1,15.25,10.647,21.79
0,0,0,0,1,1,1,0,0,0,9.668,4.036,23.47
0,0,0,0,1,1,1,0,0,1,10.812,4.489,26.499
0,0,0,0,1,1,1,0,1,0,9.551,4.005,23.097
0,0,0,0,1,1,1,0,1,1,10.714,4.478,25.65
0,0,0,0,1,1,1,1,0,0,28.836,11.022,72.657
0,0,0,0,1,1,1,1,0,1,32.196,12.541,81.923
0,0,0,0,1,1,1,1,1,0,28.389,10.879,72.274
0,0,0,0,1,1,1,1,1,1,31.633,12.315,81.397
0,0,0,1,0,0,0,0,0,0,2.078,1.497,2.838
0,0,0,1,0,0,0,0,0,1,2.324,1.678,3.221
0,0,0,1,0,0,0,0,1,0,2.044,1.484,2.815
0,0,0,1,0,0,0,0,1,1,2.288,1.66,3.179
0,0,0,1,0,0,0,1,0,0,6.259,3.924,9.742
0,0,0,1,0,0,0,1,0,1,7.003,4.372,10.996
0,0,0,1,0,0,0,1,1,0,6.193,3.885,9.709
0,0,0,1,0,0,0,1,1,1,6.904,4.306,10.878
0,0,0,1,0,0,1,0,0,0,4.339,1.655,11.285
0,0,0,1,0,0,1,0,0,1,4.87,1.854,12.626
0,0,0,1,0,0,1,0,1,0,4.276,1.617,11.007
0,0,0,1,0,0,1,0,1,1,4.83,1.821,12.572
0,0,0,1,0,0,1,1,0,0,12.872,4.582,34.526
0,0,0,1,0,0,1,1,0,1,14.279,5.198,38.879
0,0,0,1,0,0,1,1,1,0,12.714,4.582,33.881
0,0,0,1,0,0,1,1,1,1,14.245,5.142,38.185
0,0,0,1,0,1,0,0,0,0,3.082,2.218,4.221
0,0,0,1,0,1,0,0,0,1,3.45,2.487,4.781
0,0,0,1,0,1,0,0,1,0,3.042,2.181,4.176
0,0,0,1,0,1,0,0,1,1,3.399,2.441,4.737
0,0,0,1,0,1,0,1,0,0,9.257,5.743,14.394
0,0,0,1,0,1,0,1,0,1,10.365,6.398,16.221
0,0,0,1,0,1,0,1,1,0,9.146,5.679,14.254
0,0,0,1,0,1,0,1,1,1,10.271,6.376,16.084
0,0,0,1,0,1,1,0,0,0,6.363,2.391,17.029
0,0,0,1,0,1,1,0,0,1,7.149,2.649,19.441
0,0,0,1,0,1,1,0,1,0,6.3,2.366,16.632
0,0,0,1,0,1,1,0,1,1,7.053,2.616,18.703
0,0,0,1,0,1,1,1,0,0,19.087,6.911,50.63
0,0,0,1,0,1,1,1,0,1,21.334,7.598,57.704
0,0,0,1,0,1,1,1,1,0,18.877,6.824,50.168
0,0,0,1,0,1,1,1,1,1,21.101,7.453,56.789
0,0,0,1,1,0,0,0,0,0,5.169,3.67,7.228
0,0,0,1,1,0,0,0,0,1,5.79,4.157,8.129
0,0,0,1,1,0,0,0,1,0,5.117,3.654,7.094
0,0,0,1,1,0,0,0,1,1,5.692,4.083,8.041
0,0,0,1,1,0,0,1,0,0,15.667,9.38,24.547
0,0,0,1,1,0,0,1,0,1,17.507,10.552,27.625
0,0,0,1,1,0,0,1,1,0,15.446,9.336,24.315
0,0,0,1,1,0,0,1,1,1,17.168,10.359,27.395
0,0,0,1,1,0,1,0,0,0,10.779,4.041,28.287
0,0,0,1,1,0,1,0,0,1,12.017,4.598,31.049
0,0,0,1,1,0,1,0,1,0,10.632,4.054,27.387
0,0,0,1,1,0,1,0,1,1,11.856,4.511,30.927
0,0,0,1,1,0,1,1,0,0,31.791,11.764,86.131
0,0,0,1,1,0,1,1,0,1,35.709,12.839,96.2
0,0,0,1,1,0,1,1,1,0,31.415,11.526,84.924
0,0,0,1,1,0,1,1,1,1,35.423,12.579,94.518
0,0,0,1,1,1,0,0,0,0,7.688,5.391,10.669
0,0,0,1,1,1,0,0,0,1,8.578,6.043,12.175
0,0,0,1,1,1,0,0,1,0,7.585,5.299,10.571
0,0,0,1,1,1,0,0,1,1,8.448,5.91,12.06
0,0,0,1,1,1,0,1,0,0,23.199,14.057,35.969
0,0,0,1,1,1,0,1,0,1,25.995,15.614,40.584
0,0,0,1,1,1,0,1,1,0,22.84,13.934,36.06
0,0,0,1,1,1,0,1,1,1,25.555,15.371,40.092
0,0,0,1,1,1,1,0,0,0,15.948,5.801,41.961
0,0,0,1,1,1,1,0,0,1,17.889,6.793,46.825
0,0,0,1,1,1,1,0,1,0,15.732,5.787,41.587
0,0,0,1,1,1,1,0,1,1,17.699,6.775,45.805
0,0,0,1,1,1,1,1,0,0,47.179,17.465,127.004
0,0,0,1,1,1,1,1,0,1,53.452,19.055,141.991
0,0,0,1,1,1,1,1,1,0,46.88,17.191,125.975
0,0,0,1,1,1,1,1,1,1,52.764,18.673,140.03
0,0,1,0,0,0,0,0,0,0,1.195,1.009,1.396
0,0,1,0,0,0,0,0,0,1,1.339,1.125,1.574
0,0,1,0,0,0,0,0,1,0,1.234,1.194,1.276
0,0,1,0,0,0,0,0,1,1,1.384,1.289,1.473
0,0,1,0,0,0,0,1,0,0,3.557,2.446,5.227
0,0,1,0,0,0,0,1,0,1,3.949,2.766,5.826
0,0,1,0,0,0,0,1,1,0,3.67,2.64,5.182
0,0,1,0,0,0,0,1,1,1,4.111,2.973,5.898
0,0,1,0,0,0,1,0,0,0,2.479,1.003,6.276
0,0,1,0,0,0,1,0,0,1,2.789,1.11,6.968
0,0,1,0,0,0,1,0,1,0,2.562,1.078,6.237
0,0,1,0,0,0,1,0,1,1,2.86,1.194,6.927
0,0,1,0,0,0,1,1,0,0,7.504,2.699,19.293
0,0,1,0,0,0,1,1,0,1,8.388,3.059,21.638
0,0,1,0,0,0,1,1,1,0,7.747,2.945,19.432
0,0,1,0,0,0,1,1,1,1,8.694,3.258,21.727
0,0,1,0,0,1,0,0,0,0,1.771,1.476,2.094
0,0,1,0,0,1,0,0,0,1,1.98,1.65,2.343
0,0,1,0,0,1,0,0,1,0,1.831,1.699,1.955
0,0,1,0,0,1,0,0,1,1,2.052,1.871,2.231
0,0,1,0,0,1,0,1,0,0,5.265,3.62,7.823
0,0,1,0,0,1,0,1,0,1,5.905,4.056,8.788
0,0,1,0,0,1,0,1,1,0,5.425,3.875,7.708
0,0,1,0,0,1,0,1,1,1,6.095,4.341,8.723
0,0,1,0,0,1,1,0,0,0,3.678,1.478,9.469
0,0,1,0,0,1,1,0,0,1,4.123,1.622,10.285
0,0,1,0,0,1,1,0,1,0,3.755,1.577,9.152
0,0,1,0,0,1,1,0,1,1,4.247,1.743,10.295
0,0,1,0,0,1,1,1,0,0,11.126,4.061,28.533
0,0,1,0,0,1,1,1,0,1,12.468,4.594,31.96
0,0,1,0,0,1,1,1,1,0,11.463,4.233,28.486
0,0,1,0,0,1,1,1,1,1,12.853,4.805,31.66
0,0,1,0,1,0,0,0,0,0,2.976,2.401,3.63
0,0,1,0,1,0,0,0,0,1,3.32,2.695,4.107
0,0,1,0,1,0,0,0,1,0,3.079,2.682,3.487
0,0,1,0,1,0,0,0,1,1,3.444,2.971,3.979
0,0,1,0,1,0,0,1,0,0,8.823,6.009,13.071
0,0,1,0,1,0,0,1,0,1,9.886,6.717,14.637
0,0,1,0,1,0,0,1,1,0,9.145,6.507,12.874
0,0,1,0,1,0,0,1,1,1,10.219,7.239,14.657
0,0,1,0,1,0,1,0,0,0,6.226,2.511,15.817
0,0,1,0,1,0,1,0,0,1,6.904,2.849,17.352
0,0,1,0,1,0,1,0,1,0,6.414,2.723,15.457
0,0,1,0,1,0,1,0,1,1,7.183,3.058,17.125
0,0,1,0,1,0,1,1,0,0,18.694,6.829,48.651
0,0,1,0,1,0,1,1,0,1,20.866,7.583,54.725
0,0,1,0,1,0,1,1,1,0,19.15,7.347,49.32
0,0,1,0,1,0,1,1,1,1,21.438,8.297,56.046
0,0,1,0,1,1,0,0,0,0,4.386,3.531,5.438
0,0,1,0,1,1,0,0,0,1,4.924,3.952,6.129
0,0,1,0,1,1,0,0,1,0,4.557,3.926,5.248
0,0,1,0,1,1,0,0,1,1,5.097,4.361,5.97
0,0,1,0,1,1,0,1,0,0,13.103,8.908,19.446
0,0,1,0,1,1,0,1,0,1,14.744,9.909,21.968
0,0,1,0,1,1,0,1,1,0,13.605,9.481,19.313
0,0,1,0,1,1,0,1,1,1,15.25,10.647,21.79
0,0,1,0,1,1,1,0,0,0,9.295,3.791,23.53
0,0,1,0,1,1,1,0,0,1,10.272,4.147,25.784
0,0,1,0,1,1,1,0,1,0,9.551,4.005,23.097
0,0,1,0,1,1,1,0,1,1,10.714,4.478,25.65
0,0,1,0,1,1,1,1,0,0,27.778,9.774,72.893
0,0,1,0,1,1,1,1,0,1,31.033,11.178,81.566
0,0,1,0,1,1,1,1,1,0,28.389,10.879,72.274
0,0,1,0,1,1,1,1,1,1,31.633,12.315,81.397
0,0,1,1,0,0,0,0,0,0,1.972,1.392,2.784
0,0,1,1,0,0,0,0,0,1,2.21,1.57,3.158
0,0,1,1,0,0,0,0,1,0,2.044,1.484,2.815
0,0,1,1,0,0,0,0,1,1,2.288,1.66,3.179
0,0,1,1,0,0,0,1,0,0,5.976,3.638,9.468
0,0,1,1,0,0,0,1,0,1,6.646,4.078,10.805
0,0,1,1,0,0,0,1,1,0,6.193,3.885,9.709
0,0,1,1,0,0,0,1,1,1,6.904,4.306,10.878
0,0,1,1,0,0,1,0,0,0,4.09,1.532,10.992
0,0,1,1,0,0,1,0,0,1,4.602,1.74,12.153
0,0,1,1,0,0,1,0,1,0,4.276,1.617,11.007
0,0,1,1,0,0,1,0,1,1,4.83,1.821,12.572
0,0,1,1,0,0,1,1,0,0,12.229,4.213,34.171
0,0,1,1,0,0,1,1,0,1,13.738,4.776,38.163
0,0,1,1,0,0,1,1,1,0,12.714,4.582,33.881
0,0,1,1,0,0,1,1,1,1,14.245,5.142,38.185
0,0,1,1,0,1,0,0,0,0,2.921,2.02,4.147
0,0,1,1,0,1,0,0,0,1,3.287,2.298,4.619
0,0,1,1,0,1,0,0,1,0,3.042,2.181,4.176
0,0,1,1,0,1,0,0,1,1,3.399,2.441,4.737
0,0,1,1,0,1,0,1,0,0,8.849,5.365,14.09
0,0,1,1,0,1,0,1,0,1,9.908,6.029,15.888
0,0,1,1,0,1,0,1,1,0,9.146,5.679,14.254
0,0,1,1,0,1,0,1,1,1,10.271,6.376,16.084
0,0,1,1,0,1,1,0,0,0,6.108,2.227,16.325
0,0,1,1,0,1,1,0,0,1,6.859,2.498,17.981
0,0,1,1,0,1,1,0,1,0,6.3,2.366,16.632
0,0,1,1,0,1,1,0,1,1,7.053,2.616,18.703
0,0,1,1,0,1,1,1,0,0,18.201,6.201,51.796
0,0,1,1,0,1,1,1,0,1,20.464,7.003,57.661
0,0,1,1,0,1,1,1,1,0,18.877,6.824,50.168
0,0,1,1,0,1,1,1,1,1,21.101,7.453,56.789
0,0,1,1,1,0,0,0,0,0,4.922,3.402,7.043
0,0,1,1,1,0,0,0,0,1,5.493,3.8,7.941
0,0,1,1,1,0,0,0,1,0,5.117,3.654,7.094
0,0,1,1,1,0,0,0,1,1,5.692,4.083,8.041
0,0,1,1,1,0,0,1,0,0,14.837,8.892,24.22
0,0,1,1,1,0,0,1,0,1,16.601,9.89,27.209
0,0,1,1,1,0,0,1,1,0,15.446,9.336,24.315
0,0,1,1,1,0,0,1,1,1,17.168,10.359,27.395
0,0,1,1,1,0,1,0,0,0,10.188,3.917,27.275
0,0,1,1,1,0,1,0,0,1,11.403,4.423,31.041
0,0,1,1,1,0,1,0,1,0,10.632,4.054,27.387
0,0,1,1,1,0,1,0,1,1,11.856,4.511,30.927
0,0,1,1,1,0,1,1,0,0,30.509,10.695,84.737
0,0,1,1,1,0,1,1,0,1,34.235,12.289,93.308
0,0,1,1,1,0,1,1,1,0,31.415,11.526,84.924
0,0,1,1,1,0,1,1,1,1,35.423,12.579,94.518
0,0,1,1,1,1,0,0,0,0,7.272,5.065,10.5
0,0,1,1,1,1,0,0,0,1,8.174,5.604,11.946
0,0,1,1,1,1,0,0,1,0,7.585,5.299,10.571
0,0,1,1,1,1,0,0,1,1,8.448,5.91,12.06
0,0,1,1,1,1,0,1,0,0,22.014,13.011,35.759
0,0,1,1,1,1,0,1,0,1,24.706,14.493,40.005
0,0,1,1,1,1,0,1,1,0,22.84,13.934,36.06
0,0,1,1,1,1,0,1,1,1,25.555,15.371,40.092
0,0,1,1,1,1,1,0,0,0,15.011,5.739,40.325
0,0,1,1,1,1,1,0,0,1,16.861,6.396,46.099
0,0,1,1,1,1,1,0,1,0,15.732,5.787,41.587
0,0,1,1,1,1,1,0,1,1,17.699,6.775,45.805
0,0,1,1,1,1,1,1,0,0,45.297,15.876,126.609
0,0,1,1,1,1,1,1,0,1,50.788,18.266,143.96
0,0,1,1,1,1,1,1,1,0,46.88,17.191,125.975
0,0,1,1,1,1,1,1,1,1,52.764,18.673,140.03
0,1,0,0,0,0,0,0,0,0,1.93,1.692,2.189
0,1,0,0,0,0,0,0,0,1,2.159,1.89,2.478
0,1,0,0,0,0,0,0,1,0,1.902,1.663,2.18
0,1,0,0,0,0,0,0,1,1,2.131,1.846,2.46
0,1,0,0,0,0,0,1,0,0,5.743,4.038,8.257
0,1,0,0,0,0,0,1,0,1,6.414,4.541,9.372
0,1,0,0,0,0,0,1,1,0,5.669,4.002,8.205
0,1,0,0,0,0,0,1,1,1,6.329,4.471,9.346
0,1,0,0,0,0,1,0,0,0,4.008,1.678,10.035
0,1,0,0,0,0,1,0,0,1,4.492,1.848,10.863
0,1,0,0,0,0,1,0,1,0,3.972,1.661,9.753
0,1,0,0,0,0,1,0,1,1,4.456,1.844,10.96
0,1,0,0,0,0,1,1,0,0,11.956,4.641,30.103
0,1,0,0,0,0,1,1,0,1,13.431,5.129,34.293
0,1,0,0,0,0,1,1,1,0,11.893,4.618,29.762
0,1,0,0,0,0,1,1,1,1,13.296,5.071,33.924
0,1,0,0,0,1,0,0,0,0,2.854,2.469,3.29
0,1,0,0,0,1,0,0,0,1,3.199,2.762,3.716
0,1,0,0,0,1,0,0,1,0,2.819,2.432,3.268
0,1,0,0,0,1,0,0,1,1,3.155,2.719,3.685
0,1,0,0,0,1,0,1,0,0,8.483,5.973,12.212
0,1,0,0,0,1,0,1,0,1,9.519,6.692,13.906
0,1,0,0,0,1,0,1,1,0,8.369,5.944,12.005
0,1,0,0,0,1,0,1,1,1,9.408,6.589,13.732
0,1,0,0,0,1,1,0,0,0,5.948,2.486,14.868
0,1,0,0,0,1,1,0,0,1,6.698,2.779,16.356
0,1,0,0,0,1,1,0,1,0,5.895,2.493,14.445
0,1,0,0,0,1,1,0,1,1,6.606,2.768,16.034
0,1,0,0,0,1,1,1,0,0,17.671,6.786,44.924
0,1,0,0,0,1,1,1,0,1,19.888,7.714,50.799
0,1,0,0,0,1,1,1,1,0,17.482,6.652,43.91
0,1,0,0,0,1,1,1,1,1,19.632,7.623,49.816
0,1,0,0,1,0,0,0,0,0,4.819,4.04,5.758
0,1,0,0,1,0,0,0,0,1,5.405,4.428,6.505
0,1,0,0,1,0,0,0,1,0,4.755,3.909,5.687
0,1,0,0,1,0,0,0,1,1,5.333,4.331,6.443
0,1,0,0,1,0,0,1,0,0,14.25,9.895,20.861
0,1,0,0,1,0,0,1,0,1,15.99,11.173,23.57
0,1,0,0,1,0,0,1,1,0,14.076,9.725,20.888
0,1,0,0,1,0,0,1,1,1,15.772,11.036,23.016
0,1,0,0,1,0,1,0,0,0,10.136,4.165,25.113
0,1,0,0,1,0,1,0,0,1,11.342,4.677,27.898
0,1,0,0,1,0,1,0,1,0,9.982,4.123,24.56
0,1,0,0,1,0,1,0,1,1,11.167,4.65,27.164
0,1,0,0,1,0,1,1,0,0,29.706,11.835,76.709
0,1,0,0,1,0,1,1,0,1,33.031,13.444,85.978
0,1,0,0,1,0,1,1,1,0,29.305,11.744,75.683
0,1,0,0,1,0,1,1,1,1,32.811,13.255,84.565
0,1,0,0,1,1,0,0,0,0,7.114,5.882,8.647
0,1,0,0,1,1,0,0,0,1,7.977,6.491,9.834
0,1,0,0,1,1,0,0,1,0,7.032,5.779,8.553
0,1,0,0,1,1,0,0,1,1,7.868,6.402,9.748
0,1,0,0,1,1,0,1,0,0,21.272,14.708,30.729
0,1,0,0,1,1,0,1,0,1,23.732,16.308,34.633
0,1,0,0,1,1,0,1,1,0,20.994,14.336,30.569
0,1,0,0,1,1,0,1,1,1,23.43,16.174,34.516
0,1,0,0,1,1,1,0,0,0,14.998,6.099,37.156
0,1,0,0,1,1,1,0,0,1,16.915,6.828,40.986
0,1,0,0,1,1,1,0,1,0,14.799,6.028,36.125
0,1,0,0,1,1,1,0,1,1,16.626,6.802,39.858
0,1,0,0,1,1,1,1,0,0,43.99,17.64,116.187
0,1,0,0,1,1,1,1,0,1,48.867,19.401,128.197
0,1,0,0,1,1,1,1,1,0,43.596,17.453,113.244
0,1,0,0,1,1,1,1,1,1,48.473,19.051,126.78
0,1,0,1,0,0,0,0,0,0,3.208,2.251,4.546
0,1,0,1,0,0,0,0,0,1,3.594,2.51,5.115
0,1,0,1,0,0,0,0,1,0,3.162,2.22,4.541
0,1,0,1,0,0,0,0,1,1,3.539,2.476,5.108
0,1,0,1,0,0,0,1,0,0,9.627,5.907,15.353
0,1,0,1,0,0,0,1,0,1,10.729,6.6,17.332
0,1,0,1,0,0,0,1,1,0,9.516,5.849,15.224
0,1,0,1,0,0,0,1,1,1,10.594,6.489,17.111
0,1,0,1,0,0,1,0,0,0,6.678,2.524,17.224
0,1,0,1,0,0,1,0,0,1,7.48,2.832,19.306
0,1,0,1,0,0,1,0,1,0,6.59,2.486,17.302
0,1,0,1,0,0,1,0,1,1,7.422,2.809,19.098
0,1,0,1,0,0,1,1,0,0,19.762,7.219,54.878
0,1,0,1,0,0,1,1,0,1,22.17,7.863,61.535
0,1,0,1,0,0,1,1,1,0,19.37,7.184,53.924
0,1,0,1,0,0,1,1,1,1,21.976,7.887,60.706
0,1,0,1,0,1,0,0,0,0,4.785,3.312,6.739
0,1,0,1,0,1,0,0,0,1,5.346,3.667,7.514
0,1,0,1,0,1,0,0,1,0,4.706,3.244,6.664
0,1,0,1,0,1,0,0,1,1,5.266,3.623,7.497
0,1,0,1,0,1,0,1,0,0,14.346,8.627,22.951
0,1,0,1,0,1,0,1,0,1,15.952,9.697,25.843
0,1,0,1,0,1,0,1,1,0,14.138,8.53,22.503
0,1,0,1,0,1,0,1,1,1,15.752,9.623,25.604
0,1,0,1,0,1,1,0,0,0,9.901,3.697,26.005
0,1,0,1,0,1,1,0,0,1,11.143,4.152,29.257
0,1,0,1,0,1,1,0,1,0,9.843,3.662,25.624
0,1,0,1,0,1,1,0,1,1,11.038,4.111,28.654
0,1,0,1,0,1,1,1,0,0,29.559,10.536,80.931
0,1,0,1,0,1,1,1,0,1,33.096,11.67,92.068
0,1,0,1,0,1,1,1,1,0,29.085,10.426,79.541
0,1,0,1,0,1,1,1,1,1,32.909,11.563,91.588
0,1,0,1,1,0,0,0,0,0,7.983,5.464,11.467
0,1,0,1,1,0,0,0,0,1,8.959,6.097,12.967
0,1,0,1,1,0,0,0,1,0,7.877,5.403,11.34
0,1,0,1,1,0,0,0,1,1,8.864,6.046,12.815
0,1,0,1,1,0,0,1,0,0,24.178,14.214,38.011
0,1,0,1,1,0,0,1,0,1,26.962,15.781,43.26
0,1,0,1,1,0,0,1,1,0,23.741,14.073,37.466
0,1,0,1,1,0,0,1,1,1,26.659,15.499,42.518
0,1,0,1,1,0,1,0,0,0,16.612,6.391,44.523
0,1,0,1,1,0,1,0,0,1,18.508,6.971,49.192
0,1,0,1,1,0,1,0,1,0,16.419,6.332,43.025
0,1,0,1,1,0,1,0,1,1,18.286,6.913,48.268
0,1,0,1,1,0,1,1,0,0,49.256,17.805,136.416
0,1,0,1,1,0,1,1,0,1,55.539,19.395,149.011
0,1,0,1,1,0,1,1,1,0,48.765,17.597,133.406
0,1,0,1,1,0,1,1,1,1,54.724,19.215,147.552
0,1,0,1,1,1,0,0,0,0,11.874,8.098,17.152
0,1,0,1,1,1,0,0,0,1,13.233,9.051,19.281
0,1,0,1,1,1,0,0,1,0,11.687,8.002,16.814
0,1,0,1,1,1,0,0,1,1,13.074,8.899,19.134
0,1,0,1,1,1,0,1,0,0,35.744,21.141,56.435
0,1,0,1,1,1,0,1,0,1,40.135,23.475,63.837
0,1,0,1,1,1,0,1,1,0,35.371,20.887,55.445
0,1,0,1,1,1,0,1,1,1,39.581,23.295,62.555
0,1,0,1,1,1,1,0,0,0,24.511,9.308,65.551
0,1,0,1,1,1,1,0,0,1,27.5,10.378,73.205
0,1,0,1,1,1,1,0,1,0,24.355,9.166,64.134
0,1,0,1,1,1,1,0,1,1,27.153,10.249,71.835
0,1,0,1,1,1,1,1,0,0,72.823,26.49,201.657
0,1,0,1,1,1,1,1,0,1,81.823,29.364,224.178
0,1,0,1,1,1,1,1,1,0,72.322,25.861,199.518
0,1,0,1,1,1,1,1,1,1,81.569,29.01,221.45
0,1,1,0,0,0,0,0,0,0,1.844,1.485,2.287
0,1,1,0,0,0,0,0,0,1,2.067,1.662,2.586
0,1,1,0,0,0,0,0,1,0,1.902,1.663,2.18
0,1,1,0,0,0,0,0,1,1,2.131,1.846,2.46
0,1,1,0,0,0,0,1,0,0,5.42,3.721,8.197
0,1,1,0,0,0,0,1,0,1,6.116,4.194,9.353
0,1,1,0,0,0,0,1,1,0,5.669,4.002,8.205
0,1,1,0,0,0,0,1,1,1,6.329,4.471,9.346
0,1,1,0,0,0,1,0,0,0,3.843,1.55,9.836
0,1,1,0,0,0,1,0,0,1,4.322,1.739,10.763
0,1,1,0,0,0,1,0,1,0,3.972,1.661,9.753
0,1,1,0,0,0,1,0,1,1,4.456,1.844,10.96
0,1,1,0,0,0,1,1,0,0,11.452,4.43,30.06
0,1,1,0,0,0,1,1,0,1,12.813,4.81,32.973
0,1,1,0,0,0,1,1,1,0,11.893,4.618,29.762
0,1,1,0,0,0,1,1,1,1,13.296,5.071,33.924
0,1,1,0,0,1,0,0,0,0,2.736,2.198,3.39
0,1,1,0,0,1,0,0,0,1,3.073,2.425,3.8
0,1,1,0,0,1,0,0,1,0,2.819,2.432,3.268
0,1,1,0,0,1,0,0,1,1,3.155,2.719,3.685
0,1,1,0,0,1,0,1,0,0,8.12,5.544,12.226
0,1,1,0,0,1,0,1,0,1,9.026,6.183,13.749
0,1,1,0,0,1,0,1,1,0,8.369,5.944,12.005
0,1,1,0,0,1,0,1,1,1,9.408,6.589,13.732
0,1,1,0,0,1,1,0,0,0,5.734,2.346,14.343
0,1,1,0,0,1,1,0,0,1,6.407,2.605,15.976
0,1,1,0,0,1,1,0,1,0,5.895,2.493,14.445
0,1,1,0,0,1,1,0,1,1,6.606,2.768,16.034
0,1,1,0,0,1,1,1,0,0,16.998,6.479,44.405
0,1,1,0,0,1,1,1,0,1,19.025,7.257,50.378
0,1,1,0,0,1,1,1,1,0,17.482,6.652,43.91
0,1,1,0,0,1,1,1,1,1,19.632,7.623,49.816
0,1,1,0,1,0,0,0,0,0,4.583,3.55,5.817
0,1,1,0,1,0,0,0,0,1,5.147,3.935,6.593
0,1,1,0,1,0,0,0,1,0,4.755,3.909,5.687
0,1,1,0,1,0,0,0,1,1,5.333,4.331,6.443
0,1,1,0,1,0,0,1,0,0,13.564,9.102,20.697
0,1,1,0,1,0,0,1,0,1,15.16,10.22,23.117
0,1,1,0,1,0,0,1,1,0,14.076,9.725,20.888
0,1,1,0,1,0,0,1,1,1,15.772,11.036,23.016
0,1,1,0,1,0,1,0,0,0,9.616,3.939,24.241
0,1,1,0,1,0,1,0,0,1,10.825,4.389,26.426
0,1,1,0,1,0,1,0,1,0,9.982,4.123,24.56
0,1,1,0,1,0,1,0,1,1,11.167,4.65,27.164
0,1,1,0,1,0,1,1,0,0,28.674,10.675,77.265
0,1,1,0,1,0,1,1,0,1,32.007,11.889,86.04
0,1,1,0,1,0,1,1,1,0,29.305,11.744,75.683
0,1,1,0,1,0,1,1,1,1,32.811,13.255,84.565
0,1,1,0,1,1,0,0,0,0,6.81,5.215,8.707
0,1,1,0,1,1,0,0,0,1,7.639,5.796,9.774
0,1,1,0,1,1,0,0,1,0,7.032,5.779,8.553
0,1,1,0,1,1,0,0,1,1,7.868,6.402,9.748
0,1,1,0,1,1,0,1,0,0,20.13,13.398,30.486
0,1,1,0,1,1,0,1,0,1,22.627,15.153,34.246
0,1,1,0,1,1,0,1,1,0,20.994,14.336,30.569
0,1,1,0,1,1,0,1,1,1,23.43,16.174,34.516
0,1,1,0,1,1,1,0,0,0,14.302,5.83,35.924
0,1,1,0,1,1,1,0,0,1,15.949,6.467,38.953
0,1,1,0,1,1,1,0,1,0,14.799,6.028,36.125
0,1,1,0,1,1,1,0,1,1,16.626,6.802,39.858
0,1,1,0,1,1,1,1,0,0,42.203,15.785,115.321
0,1,1,0,1,1,1,1,0,1,47.251,17.915,128.662
0,1,1,0,1,1,1,1,1,0,43.596,17.453,113.244
0,1,1,0,1,1,1,1,1,1,48.473,19.051,126.78
0,1,1,1,0,0,0,0,0,0,3.051,2.102,4.442
0,1,1,1,0,0,0,0,0,1,3.421,2.355,5.01
0,1,1,1,0,0,0,0,1,0,3.162,2.22,4.541
0,1,1,1,0,0,0,0,1,1,3.539,2.476,5.108
0,1,1,1,0,0,0,1,0,0,9.138,5.398,15.152
0,1,1,1,0,0,0,1,0,1,10.2,6.127,17.176
0,1,1,1,0,0,0,1,1,0,9.516,5.849,15.224
0,1,1,1,0,0,0,1,1,1,10.594,6.489,17.111
0,1,1,1,0,0,1,0,0,0,6.307,2.356,17.623
0,1,1,1,0,0,1,0,0,1,7.088,2.645,19.911
0,1,1,1,0,0,1,0,1,0,6.59,2.486,17.302
0,1,1,1,0,0,1,0,1,1,7.422,2.809,19.098
0,1,1,1,0,0,1,1,0,0,19.057,6.802,54.829
0,1,1,1,0,0,1,1,0,1,21.327,7.447,60.351
0,1,1,1,0,0,1,1,1,0,19.37,7.184,53.924
0,1,1,1,0,0,1,1,1,1,21.976,7.887,60.706
0,1,1,1,0,1,0,0,0,0,4.499,3.068,6.635
0,1,1,1,0,1,0,0,0,1,5.056,3.43,7.433
0,1,1,1,0,1,0,0,1,0,4.706,3.244,6.664
0,1,1,1,0,1,0,0,1,1,5.266,3.623,7.497
0,1,1,1,0,1,0,1,0,0,13.536,8.029,22.414
0,1,1,1,0,1,0,1,0,1,15.118,9.098,25.277
0,1,1,1,0,1,0,1,1,0,14.138,8.53,22.503
0,1,1,1,0,1,0,1,1,1,15.752,9.623,25.604
0,1,1,1,0,1,1,0,0,0,9.366,3.451,26.695
0,1,1,1,0,1,1,0,0,1,10.561,3.873,29.181
0,1,1,1,0,1,1,0,1,0,9.843,3.662,25.624
0,1,1,1,0,1,1,0,1,1,11.038,4.111,28.654
0,1,1,1,0,1,1,1,0,0,28.179,9.95,80.127
0,1,1,1,0,1,1,1,0,1,31.607,11.003,90.072
0,1,1,1,0,1,1,1,1,0,29.085,10.426,79.541
0,1,1,1,0,1,1,1,1,1,32.909,11.563,91.588
0,1,1,1,1,0,0,0,0,0,7.603,5.159,11.369
0,1,1,1,1,0,0,0,0,1,8.481,5.731,12.849
0,1,1,1,1,0,0,0,1,0,7.877,5.403,11.34
0,1,1,1,1,0,0,0,1,1,8.864,6.046,12.815
0,1,1,1,1,0,0,1,0,0,22.852,13.524,37.552
0,1,1,1,1,0,0,1,0,1,25.434,14.897,42.463
0,1,1,1,1,0,0,1,1,0,23.741,14.073,37.466
0,1,1,1,1,0,0,1,1,1,26.659,15.499,42.518
0,1,1,1,1,0,1,0,0,0,15.751,6.097,44.139
0,1,1,1,1,0,1,0,0,1,17.602,6.75,49.501
0,1,1,1,1,0,1,0,1,0,16.419,6.332,43.025
0,1,1,1,1,0,1,0,1,1,18.286,6.913,48.268
0,1,1,1,1,0,1,1,0,0,47.335,16.62,134.32
0,1,1,1,1,0,1,1,0,1,52.87,18.879,150.12
0,1,1,1,1,0,1,1,1,0,48.765,17.597,133.406
0,1,1,1,1,0,1,1,1,1,54.724,19.215,147.552
0,1,1,1,1,1,0,0,0,0,11.316,7.504,17.052
0,1,1,1,1,1,0,0,0,1,12.65,8.38,19.148
0,1,1,1,1,1,0,0,1,0,11.687,8.002,16.814
0,1,1,1,1,1,0,0,1,1,13.074,8.899,19.134
0,1,1,1,1,1,0,1,0,0,33.732,19.769,56.303
0,1,1,1,1,1,0,1,0,1,37.727,22.096,63.06
0,1,1,1,1,1,0,1,1,0,35.371,20.887,55.445
0,1,1,1,1,1,0,1,1,1,39.581,23.295,62.555
0,1,1,1,1,1,1,0,0,0,23.191,8.835,65.307
0,1,1,1,1,1,1,0,0,1,25.955,9.859,73.263
0,1,1,1,1,1,1,0,1,0,24.355,9.166,64.134
0,1,1,1,1,1,1,0,1,1,27.153,10.249,71.835
0,1,1,1,1,1,1,1,0,0,70.065,24.469,201.062
0,1,1,1,1,1,1,1,0,1,78.143,28.161,225.546
0,1,1,1,1,1,1,1,1,0,72.322,25.861,199.518
0,1,1,1,1,1,1,1,1,1,81.569,29.01,221.45
1,0,0,0,0,0,0,0,0,0,2.558,0.874,7.574
1,0,0,0,0,0,0,0,0,1,2.85,0.984,8.454
1,0,0,0,0,0,0,0,1,0,2.531,0.858,7.522
1,0,0,0,0,0,0,0,1,1,2.812,0.953,8.322
1,0,0,0,0,0,0,1,0,0,7.616,2.394,22.851
1,0,0,0,0,0,0,1,0,1,8.493,2.766,25.757
1,0,0,0,0,0,0,1,1,0,7.586,2.395,22.596
1,0,0,0,0,0,0,1,1,1,8.37,2.714,25.087
1,0,0,0,0,0,1,0,0,0,5.297,1.216,20.644
1,0,0,0,0,0,1,0,0,1,5.905,1.361,22.716
1,0,0,0,0,0,1,0,1,0,5.234,1.191,20.234
1,0,0,0,0,0,1,0,1,1,5.837,1.345,22.736
1,0,0,0,0,0,1,1,0,0,16.047,3.58,62.637
1,0,0,0,0,0,1,1,0,1,17.936,4.022,68.628
1,0,0,0,0,0,1,1,1,0,15.837,3.549,61.315
1,0,0,0,0,0,1,1,1,1,17.648,4.078,67.638
1,0,0,0,0,1,0,0,0,0,3.77,1.316,11.252
1,0,0,0,0,1,0,0,0,1,4.242,1.503,12.453
1,0,0,0,0,1,0,0,1,0,3.776,1.296,10.985
1,0,0,0,0,1,0,0,1,1,4.174,1.441,12.24
1,0,0,0,0,1,0,1,0,0,11.32,3.613,34.56
1,0,0,0,0,1,0,1,0,1,12.539,4.108,38.177
1,0,0,0,0,1,0,1,1,0,11.184,3.558,34.394
1,0,0,0,0,1,0,1,1,1,12.431,4.045,37.628
1,0,0,0,0,1,1,0,0,0,7.948,1.803,30.793
1,0,0,0,0,1,1,0,0,1,8.749,2.037,33.923
1,0,0,0,0,1,1,0,1,0,7.814,1.769,30.249
1,0,0,0,0,1,1,0,1,1,8.697,1.992,33.606
1,0,0,0,0,1,1,1,0,0,23.864,5.204,92.012
1,0,0,0,0,1,1,1,0,1,26.54,5.87,101.762
1,0,0,0,0,1,1,1,1,0,23.652,5.154,90.25
1,0,0,0,0,1,1,1,1,1,26.401,5.822,100.006
1,0,0,0,1,0,0,0,0,0,6.4,2.087,19.38
1,0,0,0,1,0,0,0,0,1,7.138,2.33,21.878
1,0,0,0,1,0,0,0,1,0,6.328,2.038,19.274
1,0,0,0,1,0,0,0,1,1,7.071,2.288,21.862
1,0,0,0,1,0,0,1,0,0,19.044,5.892,57.901
1,0,0,0,1,0,0,1,0,1,21.479,6.563,64.733
1,0,0,0,1,0,0,1,1,0,18.726,5.75,56.699
1,0,0,0,1,0,0,1,1,1,21.113,6.419,63.554
1,0,0,0,1,0,1,0,0,0,13.189,3.132,52.973
1,0,0,0,1,0,1,0,0,1,14.8,3.492,58.968
1,0,0,0,1,0,1,0,1,0,13.059,3.087,52.607
1,0,0,0,1,0,1,0,1,1,14.512,3.434,57.595
1,0,0,0,1,0,1,1,0,0,40.113,9.175,165.09
1,0,0,0,1,0,1,1,0,1,45.184,10.266,190.006
1,0,0,0,1,0,1,1,1,0,39.727,9.031,163.265
1,0,0,0,1,0,1,1,1,1,44.718,10.443,187.523
1,0,0,0,1,1,0,0,0,0,9.473,3.125,28.491
1,0,0,0,1,1,0,0,0,1,10.586,3.501,32.266
1,0,0,0,1,1,0,0,1,0,9.371,3.077,28.048
1,0,0,0,1,1,0,0,1,1,10.477,3.37,31.756
1,0,0,0,1,1,0,1,0,0,28.031,8.815,86.498
1,0,0,0,1,1,0,1,0,1,31.168,9.888,97.262
1,0,0,0,1,1,0,1,1,0,27.631,8.585,86.115
1,0,0,0,1,1,0,1,1,1,30.929,9.66,94.046
1,0,0,0,1,1,1,0,0,0,19.704,4.652,77.59
1,0,0,0,1,1,1,0,0,1,22.021,5.083,87.286
1,0,0,0,1,1,1,0,1,0,19.445,4.611,75.902
1,0,0,0,1,1,1,0,1,1,21.628,5.064,84.886
1,0,0,0,1,1,1,1,0,0,60.286,13.229,244.241
1,0,0,0,1,1,1,1,0,1,67.312,15.162,271.444
1,0,0,0,1,1,1,1,1,0,59.624,13.167,239.995
1,0,0,0,1,1,1,1,1,1,66.458,15.04,266.728
1,0,0,1,0,0,0,0,0,0,4.246,1.419,13.289
1,0,0,1,0,0,0,0,0,1,4.746,1.61,14.726
1,0,0,1,0,0,0,0,1,0,4.176,1.409,13.017
1,0,0,1,0,0,0,0,1,1,4.678,1.554,14.57
1,0,0,1,0,0,0,1,0,0,12.665,3.909,38.947
1,0,0,1,0,0,0,1,0,1,14.079,4.457,43.561
1,0,0,1,0,0,0,1,1,0,12.49,3.894,38.161
1,0,0,1,0,0,0,1,1,1,13.82,4.444,43.257
1,0,0,1,0,0,1,0,0,0,8.841,1.981,36.217
1,0,0,1,0,0,1,0,0,1,9.834,2.274,40.228
1,0,0,1,0,0,1,0,1,0,8.752,1.998,35.99
1,0,0,1,0,0,1,0,1,1,9.74,2.221,39.796
1,0,0,1,0,0,1,1,0,0,26.991,5.96,108.002
1,0,0,1,0,0,1,1,0,1,30.028,6.559,123.047
1,0,0,1,0,0,1,1,1,0,26.441,5.846,106.822
1,0,0,1,0,0,1,1,1,1,29.913,6.501,120.484
1,0,0,1,0,1,0,0,0,0,6.268,2.153,19.222
1,0,0,1,0,1,0,0,0,1,6.972,2.409,21.573
1,0,0,1,0,1,0,0,1,0,6.201,2.124,19.206
1,0,0,1,0,1,0,0,1,1,6.929,2.358,21.457
1,0,0,1,0,1,0,1,0,0,18.715,5.847,57.076
1,0,0,1,0,1,0,1,0,1,20.729,6.593,64.139
1,0,0,1,0,1,0,1,1,0,18.406,5.714,56.014
1,0,0,1,0,1,0,1,1,1,20.555,6.547,63.656
1,0,0,1,0,1,1,0,0,0,13.063,2.967,53.148
1,0,0,1,0,1,1,0,0,1,14.708,3.331,58.761
1,0,0,1,0,1,1,0,1,0,12.873,2.942,52.008
1,0,0,1,0,1,1,0,1,1,14.459,3.274,58.021
1,0,0,1,0,1,1,1,0,0,39.775,8.813,163.004
1,0,0,1,0,1,1,1,0,1,44.531,9.958,181.085
1,0,0,1,0,1,1,1,1,0,39.292,8.697,159.477
1,0,0,1,0,1,1,1,1,1,44.195,9.977,178.717
1,0,0,1,1,0,0,0,0,0,10.452,3.526,33.318
1,0,0,1,1,0,0,0,0,1,11.75,3.91,37.196
1,0,0,1,1,0,0,0,1,0,10.371,3.516,32.504
1,0,0,1,1,0,0,0,1,1,11.585,3.845,36.51
1,0,0,1,1,0,0,1,0,0,31.219,9.902,100.49
1,0,0,1,1,0,0,1,0,1,35.045,11.126,112.413
1,0,0,1,1,0,0,1,1,0,30.704,9.835,99.814
1,0,0,1,1,0,0,1,1,1,34.557,11.031,110.15
1,0,0,1,1,0,1,0,0,0,22.027,5.131,92.246
1,0,0,1,1,0,1,0,0,1,24.322,5.796,102.949
1,0,0,1,1,0,1,0,1,0,21.689,5.087,90.174
1,0,0,1,1,0,1,0,1,1,24.008,5.8,101.052
1,0,0,1,1,0,1,1,0,0,67.42,14.788,278.266
1,0,0,1,1,0,1,1,0,1,74.712,16.57,309.343
1,0,0,1,1,0,1,1,1,0,66.43,14.333,274.82
1,0,0,1,1,0,1,1,1,1,74.205,16.055,301.826
1,0,0,1,1,1,0,0,0,0,15.554,5.216,50.803
1,0,0,1,1,1,0,0,0,1,17.491,5.757,56.409
1,0,0,1,1,1,0,0,1,0,15.383,5.176,49.518
1,0,0,1,1,1,0,0,1,1,17.317,5.718,54.654
1,0,0,1,1,1,0,1,0,0,45.918,14.526,151.535
1,0,0,1,1,1,0,1,0,1,51.778,16.429,168.542
1,0,0,1,1,1,0,1,1,0,45.4,14.581,148.844
1,0,0,1,1,1,0,1,1,1,50.952,16.301,164.284
1,0,0,1,1,1,1,0,0,0,32.558,7.529,136.624
1,0,0,1,1,1,1,0,0,1,36.36,8.478,151.661
1,0,0,1,1,1,1,0,1,0,32.129,7.447,133.497
1,0,0,1,1,1,1,0,1,1,35.947,8.478,148.824
1,0,0,1,1,1,1,1,0,0,100.27,22.172,413.885
1,0,0,1,1,1,1,1,0,1,111.105,24.22,463.259
1,0,0,1,1,1,1,1,1,0,98.604,21.731,406.812
1,0,0,1,1,1,1,1,1,1,109.742,23.835,453.877
1,0,1,0,0,0,0,0,0,0,2.433,0.794,7.326
1,0,1,0,0,0,0,0,0,1,2.722,0.904,8.181
1,0,1,0,0,0,0,0,1,0,2.531,0.858,7.522
1,0,1,0,0,0,0,0,1,1,2.812,0.953,8.322
1,0,1,0,0,0,0,1,0,0,7.239,2.207,22.127
1,0,1,0,0,0,0,1,0,1,8.111,2.454,24.878
1,0,1,0,0,0,0,1,1,0,7.586,2.395,22.596
1,0,1,0,0,0,0,1,1,1,8.37,2.714,25.087
1,0,1,0,0,0,1,0,0,0,5.129,1.138,20.235
1,0,1,0,0,0,1,0,0,1,5.729,1.287,22.803
1,0,1,0,0,0,1,0,1,0,5.234,1.191,20.234
1,0,1,0,0,0,1,0,1,1,5.837,1.345,22.736
1,0,1,0,0,0,1,1,0,0,15.292,3.35,62.335
1,0,1,0,0,0,1,1,0,1,16.994,3.839,68.432
1,0,1,0,0,0,1,1,1,0,15.837,3.549,61.315
1,0,1,0,0,0,1,1,1,1,17.648,4.078,67.638
1,0,1,0,0,1,0,0,0,0,3.615,1.191,10.893
1,0,1,0,0,1,0,0,0,1,4.06,1.331,12.159
1,0,1,0,0,1,0,0,1,0,3.776,1.296,10.985
1,0,1,0,0,1,0,0,1,1,4.174,1.441,12.24
1,0,1,0,0,1,0,1,0,0,10.784,3.256,32.961
1,0,1,0,0,1,0,1,0,1,11.911,3.636,37.501
1,0,1,0,0,1,0,1,1,0,11.184,3.558,34.394
1,0,1,0,0,1,0,1,1,1,12.431,4.045,37.628
1,0,1,0,0,1,1,0,0,0,7.609,1.695,29.713
1,0,1,0,0,1,1,0,0,1,8.499,1.894,33.356
1,0,1,0,0,1,1,0,1,0,7.814,1.769,30.249
1,0,1,0,0,1,1,0,1,1,8.697,1.992,33.606
1,0,1,0,0,1,1,1,0,0,22.942,4.887,91.814
1,0,1,0,0,1,1,1,0,1,25.503,5.542,103.283
1,0,1,0,0,1,1,1,1,0,23.652,5.154,90.25
1,0,1,0,0,1,1,1,1,1,26.401,5.822,100.006
1,0,1,0,1,0,0,0,0,0,6.081,1.892,18.632
1,0,1,0,1,0,0,0,0,1,6.849,2.138,20.419
1,0,1,0,1,0,0,0,1,0,6.328,2.038,19.274
1,0,1,0,1,0,0,0,1,1,7.071,2.288,21.862
1,0,1,0,1,0,0,1,0,0,18.318,5.358,56.09
1,0,1,0,1,0,0,1,0,1,20.591,5.865,62.361
1,0,1,0,1,0,0,1,1,0,18.726,5.75,56.699
1,0,1,0,1,0,0,1,1,1,21.113,6.419,63.554
1,0,1,0,1,0,1,0,0,0,12.778,2.944,53.054
1,0,1,0,1,0,1,0,0,1,14.271,3.27,57.316
1,0,1,0,1,0,1,0,1,0,13.059,3.087,52.607
1,0,1,0,1,0,1,0,1,1,14.512,3.434,57.595
1,0,1,0,1,0,1,1,0,0,38.398,8.387,156.667
1,0,1,0,1,0,1,1,0,1,42.727,9.638,176.449
1,0,1,0,1,0,1,1,1,0,39.727,9.031,163.265
1,0,1,0,1,0,1,1,1,1,44.718,10.443,187.523
1,0,1,0,1,1,0,0,0,0,8.912,2.839,27.243
1,0,1,0,1,1,0,0,0,1,10.05,3.255,30.63
1,0,1,0,1,1,0,0,1,0,9.371,3.077,28.048
1,0,1,0,1,1,0,0,1,1,10.477,3.37,31.756
1,0,1,0,1,1,0,1,0,0,26.974,8.001,82.675
1,0,1,0,1,1,0,1,0,1,30.151,9.035,92.671
1,0,1,0,1,1,0,1,1,0,27.631,8.585,86.115
1,0,1,0,1,1,0,1,1,1,30.929,9.66,94.046
1,0,1,0,1,1,1,0,0,0,18.789,4.398,78.902
1,0,1,0,1,1,1,0,0,1,21.073,4.838,84.201
1,0,1,0,1,1,1,0,1,0,19.445,4.611,75.902
1,0,1,0,1,1,1,0,1,1,21.628,5.064,84.886
1,0,1,0,1,1,1,1,0,0,57.568,12.141,236.47
1,0,1,0,1,1,1,1,0,1,63.801,13.846,263.859
1,0,1,0,1,1,1,1,1,0,59.624,13.167,239.995
1,0,1,0,1,1,1,1,1,1,66.458,15.04,266.728
1,0,1,1,0,0,0,0,0,0,4.074,1.322,12.966
1,0,1,1,0,0,0,0,0,1,4.529,1.479,14.184
1,0,1,1,0,0,0,0,1,0,4.176,1.409,13.017
1,0,1,1,0,0,0,0,1,1,4.678,1.554,14.57
1,0,1,1,0,0,0,1,0,0,12.164,3.606,38.184
1,0,1,1,0,0,0,1,0,1,13.545,4.11,42.811
1,0,1,1,0,0,0,1,1,0,12.49,3.894,38.161
1,0,1,1,0,0,0,1,1,1,13.82,4.444,43.257
1,0,1,1,0,0,1,0,0,0,8.473,1.908,35.996
1,0,1,1,0,0,1,0,0,1,9.502,2.148,40.561
1,0,1,1,0,0,1,0,1,0,8.752,1.998,35.99
1,0,1,1,0,0,1,0,1,1,9.74,2.221,39.796
1,0,1,1,0,0,1,1,0,0,25.786,5.367,103.47
1,0,1,1,0,0,1,1,0,1,28.879,6.08,116.451
1,0,1,1,0,0,1,1,1,0,26.441,5.846,106.822
1,0,1,1,0,0,1,1,1,1,29.913,6.501,120.484
1,0,1,1,0,1,0,0,0,0,5.964,1.961,18.756
1,0,1,1,0,1,0,0,0,1,6.791,2.163,20.895
1,0,1,1,0,1,0,0,1,0,6.201,2.124,19.206
1,0,1,1,0,1,0,0,1,1,6.929,2.358,21.457
1,0,1,1,0,1,0,1,0,0,18.155,5.46,56.47
1,0,1,1,0,1,0,1,0,1,20.13,6.183,62.879
1,0,1,1,0,1,0,1,1,0,18.406,5.714,56.014
1,0,1,1,0,1,0,1,1,1,20.555,6.547,63.656
1,0,1,1,0,1,1,0,0,0,12.48,2.782,52.358
1,0,1,1,0,1,1,0,0,1,14.045,3.106,58.353
1,0,1,1,0,1,1,0,1,0,12.873,2.942,52.008
1,0,1,1,0,1,1,0,1,1,14.459,3.274,58.021
1,0,1,1,0,1,1,1,0,0,38.221,8.042,153.402
1,0,1,1,0,1,1,1,0,1,42.921,8.933,170.203
1,0,1,1,0,1,1,1,1,0,39.292,8.697,159.477
1,0,1,1,0,1,1,1,1,1,44.195,9.977,178.717
1,0,1,1,1,0,0,0,0,0,10.107,3.237,32.05
1,0,1,1,1,0,0,0,0,1,11.282,3.592,35.494
1,0,1,1,1,0,0,0,1,0,10.371,3.516,32.504
1,0,1,1,1,0,0,0,1,1,11.585,3.845,36.51
1,0,1,1,1,0,0,1,0,0,30.277,9.079,95.941
1,0,1,1,1,0,0,1,0,1,34.101,10.411,112.256
1,0,1,1,1,0,0,1,1,0,30.704,9.835,99.814
1,0,1,1,1,0,0,1,1,1,34.557,11.031,110.15
1,0,1,1,1,0,1,0,0,0,21.079,4.79,87.648
1,0,1,1,1,0,1,0,0,1,23.522,5.385,97.524
1,0,1,1,1,0,1,0,1,0,21.689,5.087,90.174
1,0,1,1,1,0,1,0,1,1,24.008,5.8,101.052
1,0,1,1,1,0,1,1,0,0,64.73,13.488,269.324
1,0,1,1,1,0,1,1,0,1,71.553,15.079,298.703
1,0,1,1,1,0,1,1,1,0,66.43,14.333,274.82
1,0,1,1,1,0,1,1,1,1,74.205,16.055,301.826
1,0,1,1,1,1,0,0,0,0,14.997,4.747,47.927
1,0,1,1,1,1,0,0,0,1,16.705,5.259,53.094
1,0,1,1,1,1,0,0,1,0,15.383,5.176,49.518
1,0,1,1,1,1,0,0,1,1,17.317,5.718,54.654
1,0,1,1,1,1,0,1,0,0,44.815,13.496,145.907
1,0,1,1,1,1,0,1,0,1,49.512,15.456,166.215
1,0,1,1,1,1,0,1,1,0,45.4,14.581,148.844
1,0,1,1,1,1,0,1,1,1,50.952,16.301,164.284
1,0,1,1,1,1,1,0,0,0,31.29,6.984,133.328
1,0,1,1,1,1,1,0,0,1,35.28,8.004,147.408
1,0,1,1,1,1,1,0,1,0,32.129,7.447,133.497
1,0,1,1,1,1,1,0,1,1,35.947,8.478,148.824
1,0,1,1,1,1,1,1,0,0,95.846,19.897,393.789
1,0,1,1,1,1,1,1,0,1,106.869,22.067,447.545
1,0,1,1,1,1,1,1,1,0,98.604,21.731,406.812
1,0,1,1,1,1,1,1,1,1,109.742,23.835,453.877
1,1,0,0,0,0,0,0,0,0,3.978,1.34,12.082
1,1,0,0,0,0,0,0,0,1,4.426,1.513,13.351
1,1,0,0,0,0,0,0,1,0,3.946,1.335,11.837
1,1,0,0,0,0,0,0,1,1,4.363,1.488,13.135
1,1,0,0,0,0,0,1,0,0,11.714,3.658,36.454
1,1,0,0,0,0,0,1,0,1,12.983,4.084,40.338
1,1,0,0,0,0,0,1,1,0,11.504,3.657,36.093
1,1,0,0,0,0,0,1,1,1,12.762,4.051,40.011
1,1,0,0,0,0,1,0,0,0,8.273,1.87,32.364
1,1,0,0,0,0,1,0,0,1,9.124,2.077,35.938
1,1,0,0,0,0,1,0,1,0,8.15,1.832,32.175
1,1,0,0,0,0,1,0,1,1,9.024,2.044,34.729
1,1,0,0,0,0,1,1,0,0,24.831,5.363,96.505
1,1,0,0,0,0,1,1,0,1,27.776,6.008,110.415
1,1,0,0,0,0,1,1,1,0,24.427,5.339,95.709
1,1,0,0,0,0,1,1,1,1,27.476,5.969,109.146
1,1,0,0,0,1,0,0,0,0,5.871,2.028,17.669
1,1,0,0,0,1,0,0,0,1,6.555,2.284,19.88
1,1,0,0,0,1,0,0,1,0,5.799,2.013,17.759
1,1,0,0,0,1,0,0,1,1,6.474,2.229,19.733
1,1,0,0,0,1,0,1,0,0,17.151,5.501,54.642
1,1,0,0,0,1,0,1,0,1,19.115,6.109,59.214
1,1,0,0,0,1,0,1,1,0,16.845,5.444,53.996
1,1,0,0,0,1,0,1,1,1,18.795,6.022,58.374
1,1,0,0,0,1,1,0,0,0,12.285,2.755,47.494
1,1,0,0,0,1,1,0,0,1,13.495,3.073,53.461
1,1,0,0,0,1,1,0,1,0,12.046,2.683,47.292
1,1,0,0,0,1,1,0,1,1,13.343,3.004,52.242
1,1,0,0,0,1,1,1,0,0,36.95,8.033,141.806
1,1,0,0,0,1,1,1,0,1,41.547,8.932,159.944
1,1,0,0,0,1,1,1,1,0,36.163,7.849,141.649
1,1,0,0,0,1,1,1,1,1,40.72,8.797,157.254
1,1,0,0,1,0,0,0,0,0,9.838,3.169,30.298
1,1,0,0,1,0,0,0,0,1,10.949,3.53,33.364
1,1,0,0,1,0,0,0,1,0,9.694,3.133,29.372
1,1,0,0,1,0,0,0,1,1,10.782,3.494,33.006
1,1,0,0,1,0,0,1,0,0,29.302,9.027,91.8
1,1,0,0,1,0,0,1,0,1,32.888,10.05,102.704
1,1,0,0,1,0,0,1,1,0,29.035,8.845,89.548
1,1,0,0,1,0,0,1,1,1,32.411,9.912,101.526
1,1,0,0,1,0,1,0,0,0,20.523,4.642,81.682
1,1,0,0,1,0,1,0,0,1,22.775,5.183,91.803
1,1,0,0,1,0,1,0,1,0,20.389,4.578,80.175
1,1,0,0,1,0,1,0,1,1,22.518,5.122,89.589
1,1,0,0,1,0,1,1,0,0,61.539,13.858,244.539
1,1,0,0,1,0,1,1,0,1,68.96,15.659,277.966
1,1,0,0,1,0,1,1,1,0,60.904,13.612,240.156
1,1,0,0,1,0,1,1,1,1,68.183,15.296,273.373
1,1,0,0,1,1,0,0,0,0,14.487,4.724,44.765
1,1,0,0,1,1,0,0,0,1,16.119,5.278,49.448
1,1,0,0,1,1,0,0,1,0,14.227,4.708,43.878
1,1,0,0,1,1,0,0,1,1,15.912,5.197,48.952
1,1,0,0,1,1,0,1,0,0,43.237,13.366,137.421
1,1,0,0,1,1,0,1,0,1,48.363,14.859,153.43
1,1,0,0,1,1,0,1,1,0,42.488,13.203,136.849
1,1,0,0,1,1,0,1,1,1,47.8,14.739,149.103
1,1,0,0,1,1,1,0,0,0,30.724,6.801,119.984
1,1,0,0,1,1,1,0,0,1,34.081,7.914,135.962
1,1,0,0,1,1,1,0,1,0,30.133,6.74,118.223
1,1,0,0,1,1,1,0,1,1,33.536,7.761,132.961
1,1,0,0,1,1,1,1,0,0,91.733,20.454,367.811
1,1,0,0,1,1,1,1,0,1,102.88,22.963,414.028
1,1,0,0,1,1,1,1,1,0,91.036,20.127,360.557
1,1,0,0,1,1,1,1,1,1,102.338,22.871,406.984
1,1,0,1,0,0,0,0,0,0,6.523,2.255,20.569
1,1,0,1,0,0,0,0,0,1,7.319,2.5,23.267
1,1,0,1,0,0,0,0,1,0,6.454,2.24,20.611
1,1,0,1,0,0,0,0,1,1,7.222,2.469,22.958
1,1,0,1,0,0,0,1,0,0,19.186,6.029,62.578
1,1,0,1,0,0,0,1,0,1,21.47,6.842,69.207
1,1,0,1,0,0,0,1,1,0,18.976,5.987,60.923
1,1,0,1,0,0,0,1,1,1,21.291,6.692,67.395
1,1,0,1,0,0,1,0,0,0,13.736,3.064,57.193
1,1,0,1,0,0,1,0,0,1,15.264,3.399,62.448
1,1,0,1,0,0,1,0,1,0,13.469,3.02,55.969
1,1,0,1,0,0,1,0,1,1,15.063,3.351,60.78
1,1,0,1,0,0,1,1,0,0,41.522,8.85,171.242
1,1,0,1,0,0,1,1,0,1,46.457,9.915,192.15
1,1,0,1,0,0,1,1,1,0,40.805,8.573,168.677
1,1,0,1,0,0,1,1,1,1,45.513,9.609,191.956
1,1,0,1,0,1,0,0,0,0,9.708,3.358,30.854
1,1,0,1,0,1,0,0,0,1,10.842,3.738,34.298
1,1,0,1,0,1,0,0,1,0,9.574,3.367,30.325
1,1,0,1,0,1,0,0,1,1,10.724,3.736,33.912
1,1,0,1,0,1,0,1,0,0,28.411,8.896,90.563
1,1,0,1,0,1,0,1,0,1,31.942,10.046,101.667
1,1,0,1,0,1,0,1,1,0,28.049,8.919,89.36
1,1,0,1,0,1,0,1,1,1,31.509,9.883,100.51
1,1,0,1,0,1,1,0,0,0,20.438,4.512,85.258
1,1,0,1,0,1,1,0,0,1,22.789,5.092,94.014
1,1,0,1,0,1,1,0,1,0,20.034,4.523,84.489
1,1,0,1,0,1,1,0,1,1,22.464,5.114,90.795
1,1,0,1,0,1,1,1,0,0,61.322,13.58,254.381
1,1,0,1,0,1,1,1,0,1,68.871,15.214,286.929
1,1,0,1,0,1,1,1,1,0,60.655,13.152,251.488
1,1,0,1,0,1,1,1,1,1,68.393,14.738,280.874
1,1,0,1,1,0,0,0,0,0,16.228,5.456,52.523
1,1,0,1,1,0,0,0,0,1,18.151,6.043,58.245
1,1,0,1,1,0,0,0,1,0,16.023,5.371,50.911
1,1,0,1,1,0,0,0,1,1,17.886,6,56.619
1,1,0,1,1,0,0,1,0,0,47.966,14.987,156.524
1,1,0,1,1,0,0,1,0,1,53.791,16.898,172.71
1,1,0,1,1,0,0,1,1,0,47.065,14.806,153.731
1,1,0,1,1,0,0,1,1,1,52.91,16.834,170.909
1,1,0,1,1,0,1,0,0,0,33.786,7.664,146.824
1,1,0,1,1,0,1,0,0,1,37.997,8.494,162.963
1,1,0,1,1,0,1,0,1,0,33.281,7.714,144.653
1,1,0,1,1,0,1,0,1,1,37.341,8.54,158.509
1,1,0,1,1,0,1,1,0,0,104.632,21.772,439.514
1,1,0,1,1,0,1,1,0,1,116.323,24.301,489.653
1,1,0,1,1,0,1,1,1,0,102.309,21.875,439.399
1,1,0,1,1,0,1,1,1,1,114.931,24.416,483.842
1,1,0,1,1,1,0,0,0,0,24.044,8.149,78.358
1,1,0,1,1,1,0,0,0,1,26.966,9.142,86.044
1,1,0,1,1,1,0,0,1,0,23.68,8.156,77.118
1,1,0,1,1,1,0,0,1,1,26.56,9.155,83.545
1,1,0,1,1,1,0,1,0,0,70.989,21.881,230.381
1,1,0,1,1,1,0,1,0,1,79.505,25.398,261.909
1,1,0,1,1,1,0,1,1,0,69.543,21.745,229.044
1,1,0,1,1,1,0,1,1,1,78.25,24.852,259.46
1,1,0,1,1,1,1,0,0,0,50.755,11.293,216.221
1,1,0,1,1,1,1,0,0,1,56.484,12.372,243.01
1,1,0,1,1,1,1,0,1,0,49.348,11.458,213.084
1,1,0,1,1,1,1,0,1,1,55.419,12.53,236.392
1,1,0,1,1,1,1,1,0,0,152.797,32.102,642.819
1,1,0,1,1,1,1,1,0,1,171.512,37.425,726.878
1,1,0,1,1,1,1,1,1,0,150.707,31.599,638.889
1,1,0,1,1,1,1,1,1,1,168.968,36.824,718.764
1,1,1,0,0,0,0,0,0,0,3.769,1.233,11.628
1,1,1,0,0,0,0,0,0,1,4.197,1.387,13.036
1,1,1,0,0,0,0,0,1,0,3.946,1.335,11.837
1,1,1,0,0,0,0,0,1,1,4.363,1.488,13.135
1,1,1,0,0,0,0,1,0,0,11.229,3.311,35.331
1,1,1,0,0,0,0,1,0,1,12.495,3.677,39.459
1,1,1,0,0,0,0,1,1,0,11.504,3.657,36.093
1,1,1,0,0,0,0,1,1,1,12.762,4.051,40.011
1,1,1,0,0,0,1,0,0,0,7.932,1.729,31.941
1,1,1,0,0,0,1,0,0,1,8.769,1.953,35.986
1,1,1,0,0,0,1,0,1,0,8.15,1.832,32.175
1,1,1,0,0,0,1,0,1,1,9.024,2.044,34.729
1,1,1,0,0,0,1,1,0,0,23.602,4.979,100.092
1,1,1,0,0,0,1,1,0,1,26.333,5.58,113.495
1,1,1,0,0,0,1,1,1,0,24.427,5.339,95.709
1,1,1,0,0,0,1,1,1,1,27.476,5.969,109.146
1,1,1,0,0,1,0,0,0,0,5.511,1.838,17.178
1,1,1,0,0,1,0,0,0,1,6.213,2.076,18.95
1,1,1,0,0,1,0,0,1,0,5.799,2.013,17.759
1,1,1,0,0,1,0,0,1,1,6.474,2.229,19.733
1,1,1,0,0,1,0,1,0,0,16.513,4.997,52.578
1,1,1,0,0,1,0,1,0,1,18.471,5.521,57.959
1,1,1,0,0,1,0,1,1,0,16.845,5.444,53.996
1,1,1,0,0,1,0,1,1,1,18.795,6.022,58.374
1,1,1,0,0,1,1,0,0,0,11.717,2.563,47.228
1,1,1,0,0,1,1,0,0,1,12.896,2.893,53.194
1,1,1,0,0,1,1,0,1,0,12.046,2.683,47.292
1,1,1,0,0,1,1,0,1,1,13.343,3.004,52.242
1,1,1,0,0,1,1,1,0,0,35.138,7.324,147.745
1,1,1,0,0,1,1,1,0,1,39.544,8.226,167.123
1,1,1,0,0,1,1,1,1,0,36.163,7.849,141.649
1,1,1,0,0,1,1,1,1,1,40.72,8.797,157.254
1,1,1,0,1,0,0,0,0,0,9.292,2.913,28.663
1,1,1,0,1,0,0,0,0,1,10.386,3.285,32.613
1,1,1,0,1,0,0,0,1,0,9.694,3.133,29.372
1,1,1,0,1,0,0,0,1,1,10.782,3.494,33.006
1,1,1,0,1,0,0,1,0,0,28.12,8.166,89.431
1,1,1,0,1,0,0,1,0,1,31.493,9.1,99.344
1,1,1,0,1,0,0,1,1,0,29.035,8.845,89.548
1,1,1,0,1,0,0,1,1,1,32.411,9.912,101.526
1,1,1,0,1,0,1,0,0,0,19.822,4.457,82.016
1,1,1,0,1,0,1,0,0,1,22.17,4.949,90.178
1,1,1,0,1,0,1,0,1,0,20.389,4.578,80.175
1,1,1,0,1,0,1,0,1,1,22.518,5.122,89.589
1,1,1,0,1,0,1,1,0,0,59.69,12.696,247.54
1,1,1,0,1,0,1,1,0,1,66.162,14.314,284.832
1,1,1,0,1,0,1,1,1,0,60.904,13.612,240.156
1,1,1,0,1,0,1,1,1,1,68.183,15.296,273.373
1,1,1,0,1,1,0,0,0,0,13.832,4.384,43.072
1,1,1,0,1,1,0,0,0,1,15.488,4.934,48.562
1,1,1,0,1,1,0,0,1,0,14.227,4.708,43.878
1,1,1,0,1,1,0,0,1,1,15.912,5.197,48.952
1,1,1,0,1,1,0,1,0,0,41.605,11.961,131.824
1,1,1,0,1,1,0,1,0,1,46.777,13.554,149.954
1,1,1,0,1,1,0,1,1,0,42.488,13.203,136.849
1,1,1,0,1,1,0,1,1,1,47.8,14.739,149.103
1,1,1,0,1,1,1,0,0,0,29.214,6.644,118.666
1,1,1,0,1,1,1,0,0,1,32.85,7.409,135.537
1,1,1,0,1,1,1,0,1,0,30.133,6.74,118.223
1,1,1,0,1,1,1,0,1,1,33.536,7.761,132.961
1,1,1,0,1,1,1,1,0,0,88.39,18.431,375.802
1,1,1,0,1,1,1,1,0,1,98.508,20.856,420.885
1,1,1,0,1,1,1,1,1,0,91.036,20.127,360.557
1,1,1,0,1,1,1,1,1,1,102.338,22.871,406.984
1,1,1,1,0,0,0,0,0,0,6.295,2.059,19.68
1,1,1,1,0,0,0,0,0,1,6.98,2.286,21.942
1,1,1,1,0,0,0,0,1,0,6.454,2.24,20.611
1,1,1,1,0,0,0,0,1,1,7.222,2.469,22.958
1,1,1,1,0,0,0,1,0,0,18.546,5.46,59.516
1,1,1,1,0,0,0,1,0,1,20.626,6.132,67.328
1,1,1,1,0,0,0,1,1,0,18.976,5.987,60.923
1,1,1,1,0,0,0,1,1,1,21.291,6.692,67.395
1,1,1,1,0,0,1,0,0,0,13.188,2.885,55.778
1,1,1,1,0,0,1,0,0,1,14.802,3.228,61.843
1,1,1,1,0,0,1,0,1,0,13.469,3.02,55.969
1,1,1,1,0,0,1,0,1,1,15.063,3.351,60.78
1,1,1,1,0,0,1,1,0,0,39.76,8.222,170.053
1,1,1,1,0,0,1,1,0,1,44.418,9.246,190.736
1,1,1,1,0,0,1,1,1,0,40.805,8.573,168.677
1,1,1,1,0,0,1,1,1,1,45.513,9.609,191.956
1,1,1,1,0,1,0,0,0,0,9.351,3.091,29.29
1,1,1,1,0,1,0,0,0,1,10.373,3.429,32.523
1,1,1,1,0,1,0,0,1,0,9.574,3.367,30.325
1,1,1,1,0,1,0,0,1,1,10.724,3.736,33.912
1,1,1,1,0,1,0,1,0,0,27.598,8.24,87.949
1,1,1,1,0,1,0,1,0,1,30.883,9.275,99.321
1,1,1,1,0,1,0,1,1,0,28.049,8.919,89.36
1,1,1,1,0,1,0,1,1,1,31.509,9.883,100.51
1,1,1,1,0,1,1,0,0,0,19.449,4.3,82.145
1,1,1,1,0,1,1,0,0,1,21.816,4.847,89.642
1,1,1,1,0,1,1,0,1,0,20.034,4.523,84.489
1,1,1,1,0,1,1,0,1,1,22.464,5.114,90.795
1,1,1,1,0,1,1,1,0,0,58.784,12.235,247.659
1,1,1,1,0,1,1,1,0,1,66.251,13.39,280.942
1,1,1,1,0,1,1,1,1,0,60.655,13.152,251.488
1,1,1,1,0,1,1,1,1,1,68.393,14.738,280.874
1,1,1,1,1,0,0,0,0,0,15.477,5.049,50.938
1,1,1,1,1,0,0,0,0,1,17.467,5.587,56.474
1,1,1,1,1,0,0,0,1,0,16.023,5.371,50.911
1,1,1,1,1,0,0,0,1,1,17.886,6,56.619
1,1,1,1,1,0,0,1,0,0,46.107,13.956,155.609
1,1,1,1,1,0,0,1,0,1,51.41,15.704,171.223
1,1,1,1,1,0,0,1,1,0,47.065,14.806,153.731
1,1,1,1,1,0,0,1,1,1,52.91,16.834,170.909
1,1,1,1,1,0,1,0,0,0,32.942,7.151,139.83
1,1,1,1,1,0,1,0,0,1,36.984,8.041,154.971
1,1,1,1,1,0,1,0,1,0,33.281,7.714,144.653
1,1,1,1,1,0,1,0,1,1,37.341,8.54,158.509
1,1,1,1,1,0,1,1,0,0,99.749,20.231,432.225
1,1,1,1,1,0,1,1,0,1,111.6,23.474,490.042
1,1,1,1,1,0,1,1,1,0,102.309,21.875,439.399
1,1,1,1,1,0,1,1,1,1,114.931,24.416,483.842
1,1,1,1,1,1,0,0,0,0,23.096,7.637,75.179
1,1,1,1,1,1,0,0,0,1,25.769,8.572,83.062
1,1,1,1,1,1,0,0,1,0,23.68,8.156,77.118
1,1,1,1,1,1,0,0,1,1,26.56,9.155,83.545
1,1,1,1,1,1,0,1,0,0,68.403,20.956,229.193
1,1,1,1,1,1,0,1,0,1,76.417,23.582,252.994
1,1,1,1,1,1,0,1,1,0,69.543,21.745,229.044
1,1,1,1,1,1,0,1,1,1,78.25,24.852,259.46
1,1,1,1,1,1,1,0,0,0,49.261,10.784,207.85
1,1,1,1,1,1,1,0,0,1,54.568,12.101,225.689
1,1,1,1,1,1,1,0,1,0,49.348,11.458,213.084
1,1,1,1,1,1,1,0,1,1,55.419,12.53,236.392
1,1,1,1,1,1,1,1,0,0,146.555,29.754,646.738
1,1,1,1,1,1,1,1,0,1,164.809,34.018,718.238
1,1,1,1,1,1,1,1,1,0,150.707,31.599,638.889
1,1,1,1,1,1,1,1,1,1,168.968,36.824,718.764
