"RF1","RF2","RF3","RF4","RF5","RF6","RF7","RF8","RF9","RF10","est","lci","uci"
0,0,0,0,0,0,0,0,0,0,0.00357471406320201,0.00269322523971336,0.00467915710894544
0,0,0,0,0,0,0,0,0,1,0.00501757414197305,0.00370823497700484,0.00663049534196711
0,0,0,0,0,0,0,0,1,0,0.00440999882378739,0.00331361400313327,0.00574563173440335
0,0,0,0,0,0,0,0,1,1,0.00494837410297908,0.00369580037594942,0.00655114548625548
0,0,0,0,0,0,0,1,0,0,0.0132346209501093,0.008489248007621,0.020847686389113
0,0,0,0,0,0,0,1,0,1,0.0149275153827187,0.00943452682257567,0.0235521188823523
0,0,0,0,0,0,0,1,1,0,0.0131050373697968,0.00841979544399044,0.0205513466205991
0,0,0,0,0,0,0,1,1,1,0.0147369652501351,0.00936661382169143,0.0232487503740462
0,0,0,0,0,0,1,0,0,0,0.00931975839671591,0.00374975440160397,0.0235737138923755
0,0,0,0,0,0,1,0,0,1,0.0104660569955413,0.00423249565642908,0.0265416748244582
0,0,0,0,0,0,1,0,1,0,0.00924680774391884,0.00369033496010873,0.0230879916116012
0,0,0,0,0,0,1,0,1,1,0.0103653516324347,0.00420462629832164,0.0257884045149824
0,0,0,0,0,0,1,1,0,0,0.0273960682234193,0.0100874573360981,0.0713213616844465
0,0,0,0,0,0,1,1,0,1,0.030712001341783,0.0116058822915236,0.0797549291415464
0,0,0,0,0,0,1,1,1,0,0.026945425636566,0.0102180269890605,0.070684998979569
0,0,0,0,0,0,1,1,1,1,0.0302373159470958,0.0114879935367125,0.0788854873457042
0,0,0,0,0,1,0,0,0,0,0.00663089622520782,0.00497437445264265,0.00881325073514913
0,0,0,0,0,1,0,0,0,1,0.00740943415888794,0.00550220572487969,0.00993387592416648
0,0,0,0,0,1,0,0,1,0,0.00653706810302965,0.00492398941155389,0.00865802854192679
0,0,0,0,0,1,0,0,1,1,0.00729968265628849,0.00543963463326547,0.00986726706114812
0,0,0,0,0,1,0,1,0,0,0.0195718511864007,0.0124436201245167,0.030868594987237
0,0,0,0,0,1,0,1,0,1,0.0220168052224532,0.0139140607264676,0.0353757363423084
0,0,0,0,0,1,0,1,1,0,0.0193814197597728,0.0123114334379509,0.0307223667413206
0,0,0,0,0,1,0,1,1,1,0.0216810527123077,0.0136181082604952,0.0348561616664331
0,0,0,0,0,1,1,0,0,0,0.0136855665134042,0.0055554632253988,0.0350557081756045
0,0,0,0,0,1,1,0,0,1,0.0154060229870377,0.00622157471918547,0.0390971289393115
0,0,0,0,0,1,1,0,1,0,0.0135594894117884,0.0054977267264517,0.0340620376130414
0,0,0,0,0,1,1,0,1,1,0.0152373966464475,0.00622830504754364,0.0382342283903099
0,0,0,0,0,1,1,1,0,0,0.0404823801731774,0.014943246219691,0.103885696587788
0,0,0,0,0,1,1,1,0,1,0.0452620115831975,0.0167800644123758,0.115024554429192
0,0,0,0,0,1,1,1,1,0,0.0399718737174091,0.0147436381125762,0.102435254927366
0,0,0,0,0,1,1,1,1,1,0.0446196551314379,0.016630524316437,0.114384052734438
0,0,0,0,1,0,0,0,0,0,0.0111175408576519,0.00814032682603248,0.015130788673152
0,0,0,0,1,0,0,0,0,1,0.0124126900098948,0.00904798317440806,0.0169178679813317
0,0,0,0,1,0,0,0,1,0,0.0110042929818873,0.00809682692327997,0.0149191798037329
0,0,0,0,1,0,0,0,1,1,0.0122806755967873,0.00894204559393105,0.0165925099817992
0,0,0,0,1,0,0,1,0,0,0.0330270848281227,0.0203406600836625,0.0515910546262169
0,0,0,0,1,0,0,1,0,1,0.0369643827553558,0.0226650648979796,0.0582355053102673
0,0,0,0,1,0,0,1,1,0,0.0326154597728782,0.0200489345229365,0.0508732664392839
0,0,0,0,1,0,0,1,1,1,0.0365065286659839,0.0222868910639307,0.0573985334969112
0,0,0,0,1,0,1,0,0,0,0.0229164099263182,0.0093715456321137,0.0584520600532063
0,0,0,0,1,0,1,0,0,1,0.0256699719665679,0.0104665436179396,0.0652995091153788
0,0,0,0,1,0,1,0,1,0,0.0227920706505048,0.00930937500866794,0.0576071741384266
0,0,0,0,1,0,1,0,1,1,0.0255017611108112,0.0104688159257023,0.0640197275098778
0,0,0,0,1,0,1,1,0,0,0.0670332247159482,0.0254070411826403,0.167160805377813
0,0,0,0,1,0,1,1,0,1,0.0745851490282989,0.028925885281156,0.184300882837086
0,0,0,0,1,0,1,1,1,0,0.0659782695900606,0.0256677835770774,0.16490648808713
0,0,0,0,1,0,1,1,1,1,0.0733333650810796,0.0287764678062753,0.18151838913757
0,0,0,0,1,1,0,0,0,0,0.0164255282697559,0.0120556994133492,0.022515724623233
0,0,0,0,1,1,0,0,0,1,0.0184215987286474,0.0134214968633579,0.0250719362001468
0,0,0,0,1,1,0,0,1,0,0.0162409584311939,0.0119492705666819,0.022401750351082
0,0,0,0,1,1,0,0,1,1,0.0181722010647348,0.0132879125104151,0.0247130396600414
0,0,0,0,1,1,0,1,0,0,0.0485857101989984,0.0300529403821254,0.0761509316142748
0,0,0,0,1,1,0,1,0,1,0.0541630145470157,0.0328740093433408,0.0848535330169187
0,0,0,0,1,1,0,1,1,0,0.0478996752810889,0.0297968915289752,0.0751341146364894
0,0,0,0,1,1,0,1,1,1,0.05365479494021,0.0327266214167658,0.0840202151543393
0,0,0,0,1,1,1,0,0,0,0.0336887066982834,0.0137411214378818,0.0861554611391432
0,0,0,0,1,1,1,0,0,1,0.0377880153932382,0.0153500451698964,0.0966950388404816
0,0,0,0,1,1,1,0,1,0,0.0333247970539543,0.0136950592139383,0.0841618411072274
0,0,0,0,1,1,1,0,1,1,0.0375253963213947,0.0152485182027798,0.0941571622588339
0,0,0,0,1,1,1,1,0,0,0.0978637885628132,0.0377039594476037,0.23714465773809
0,0,0,0,1,1,1,1,0,1,0.109069023570102,0.0419441488088041,0.262344172751678
0,0,0,0,1,1,1,1,1,0,0.0968589425109373,0.0372241118605107,0.2331875434821
0,0,0,0,1,1,1,1,1,1,0.107094031044966,0.0416508345218562,0.25861876052904
0,0,0,1,0,0,0,0,0,0,0.00747357783230281,0.00490810431976945,0.011541447980145
0,0,0,1,0,0,0,0,0,1,0.00832226450994824,0.00550532416401861,0.0129419329172865
0,0,0,1,0,0,0,0,1,0,0.00738540291810369,0.00485085598359053,0.0113369178438852
0,0,0,1,0,0,0,0,1,1,0.00819541769320513,0.00531783028639546,0.0127287568524971
0,0,0,1,0,0,0,1,0,0,0.0220148244634783,0.0127911955242706,0.0370454776008416
0,0,0,1,0,0,0,1,0,1,0.0243992030876486,0.0144024974808716,0.042196774551017
0,0,0,1,0,0,0,1,1,0,0.0216882746000633,0.0126676333992745,0.0365576895532392
0,0,0,1,0,0,0,1,1,1,0.0241896842451375,0.014198023488954,0.0412206871211443
0,0,0,1,0,0,1,0,0,0,0.0153413260043229,0.00574451389494486,0.0410384314448666
0,0,0,1,0,0,1,0,0,1,0.017220713318728,0.00644735763479347,0.0456658448704601
0,0,0,1,0,0,1,0,1,0,0.0151551715977635,0.00567409223984199,0.0401715197400619
0,0,0,1,0,0,1,0,1,1,0.0169807278899489,0.00645519999989802,0.0446452995893859
0,0,0,1,0,0,1,1,0,0,0.0450365437826461,0.0158641146410616,0.120531648311096
0,0,0,1,0,0,1,1,0,1,0.050222029212342,0.017898305768108,0.138154004383626
0,0,0,1,0,0,1,1,1,0,0.0444781002796331,0.0155841566250984,0.120967543694936
0,0,0,1,0,0,1,1,1,1,0.0501364175986395,0.017579721401242,0.136751324949522
0,0,0,1,0,1,0,0,0,0,0.0110431231070155,0.00725537453840936,0.0169707969006133
0,0,0,1,0,1,0,0,0,1,0.0122681990369269,0.00802442695610623,0.0190690967883895
0,0,0,1,0,1,0,0,1,0,0.0108738880091536,0.00715827601087634,0.0169240784114916
0,0,0,1,0,1,0,0,1,1,0.0121209481401784,0.00793152859092561,0.0190676771172233
0,0,0,1,0,1,0,1,0,0,0.0326190092119923,0.0189517971031355,0.0551659223163635
0,0,0,1,0,1,0,1,0,1,0.0362991505197159,0.0209405469309641,0.0621522845796201
0,0,0,1,0,1,0,1,1,0,0.032248957769471,0.0187240346462039,0.0544636124349288
0,0,0,1,0,1,0,1,1,1,0.0358440356869754,0.0207769762724184,0.0609610170590548
0,0,0,1,0,1,1,0,0,0,0.0227903749335523,0.0083935074417207,0.0613589763726332
0,0,0,1,0,1,1,0,0,1,0.025600573821417,0.00970328780874192,0.0678217409106297
0,0,0,1,0,1,1,0,1,0,0.0224426684781322,0.00836511390036558,0.0597435608365291
0,0,0,1,0,1,1,0,1,1,0.025181149832624,0.00963079248335518,0.0666478880599379
0,0,0,1,0,1,1,1,0,0,0.0665721618765698,0.023341569352782,0.17790289286138
0,0,0,1,0,1,1,1,0,1,0.0741961261049911,0.0264130705974081,0.198132514000143
0,0,0,1,0,1,1,1,1,0,0.0657856188397287,0.0230422236275076,0.175739427999035
0,0,0,1,0,1,1,1,1,1,0.0731397655800952,0.025799492067284,0.197342436116254
0,0,0,1,1,0,0,0,0,0,0.0185297512865,0.0119673416862372,0.0286770355074336
0,0,0,1,1,0,0,0,0,1,0.0207019783266117,0.0133373049876705,0.0317526668204919
0,0,0,1,1,0,0,0,1,0,0.0183482747437905,0.0118202538978451,0.0281524827931266
0,0,0,1,1,0,0,0,1,1,0.0204206592127974,0.0130534050348168,0.0315181789268633
0,0,0,1,1,0,0,1,0,0,0.0544694225344515,0.0306410144533828,0.0910355835575827
0,0,0,1,1,0,0,1,0,1,0.0607911273646347,0.0341155893702977,0.102729698740118
0,0,0,1,1,0,0,1,1,0,0.0540870016284693,0.0300956694894354,0.0897943628546123
0,0,0,1,1,0,0,1,1,1,0.0599508253395951,0.0339107737106131,0.101947197533487
0,0,0,1,1,0,1,0,0,0,0.0375258385370776,0.0138617902773628,0.0977729330431399
0,0,0,1,1,0,1,0,0,1,0.042211234835226,0.0158678617926124,0.108182720179585
0,0,0,1,1,0,1,0,1,0,0.0371755465269495,0.0139942972028161,0.0953666731405012
0,0,0,1,1,0,1,0,1,1,0.0417394419796509,0.0158060592576599,0.106513473764971
0,0,0,1,1,0,1,1,0,0,0.108206214365936,0.0383900983892264,0.278436770759626
0,0,0,1,1,0,1,1,0,1,0.120331741206429,0.0433085053555323,0.305044625429399
0,0,0,1,1,0,1,1,1,0,0.106776523088478,0.0377399215610711,0.276220629596091
0,0,0,1,1,0,1,1,1,1,0.11902478940657,0.042743869624975,0.302303685282767
0,0,0,1,1,1,0,0,0,0,0.027264154422353,0.0175742594965357,0.0420783340208105
0,0,0,1,1,1,0,0,0,1,0.0304320892774229,0.0195627214778409,0.0470267381433854
0,0,0,1,1,1,0,0,1,0,0.0270431571890664,0.0171541133447552,0.0416888587116332
0,0,0,1,1,1,0,0,1,1,0.0300831709634014,0.019263428135508,0.0463586566763264
0,0,0,1,1,1,0,1,0,0,0.0801424830519275,0.0451324358102361,0.131911826594733
0,0,0,1,1,1,0,1,0,1,0.0891360305800876,0.0504343622645301,0.148212225308546
0,0,0,1,1,1,0,1,1,0,0.0787341899875206,0.0448069653668014,0.129716131378925
0,0,0,1,1,1,0,1,1,1,0.0876184600369664,0.0501325891606659,0.147411475429233
0,0,0,1,1,1,1,0,0,0,0.055499697441345,0.0204838656814206,0.142225264953626
0,0,0,1,1,1,1,0,0,1,0.0615740440751567,0.0230555928216778,0.156788037324651
0,0,0,1,1,1,1,0,1,0,0.0550499759425221,0.0205166646274512,0.140223773528082
0,0,0,1,1,1,1,0,1,1,0.0612137965658015,0.0229893208206748,0.157023771355208
0,0,0,1,1,1,1,1,0,0,0.157041364268229,0.0571046750317117,0.388554244611251
0,0,0,1,1,1,1,1,0,1,0.172818731448138,0.0641917681619747,0.424342625275824
0,0,0,1,1,1,1,1,1,0,0.154983658989899,0.0564378462188431,0.38502735884393
0,0,0,1,1,1,1,1,1,1,0.170988528636009,0.0627639487742507,0.414021112868782
0,0,1,0,0,0,0,0,0,0,0.0042870446058751,0.0031315713076288,0.00581897295666566
0,0,1,0,0,0,0,0,0,1,0.00480145413504513,0.00347109525772114,0.0064908883038266
0,0,1,0,0,0,0,0,1,0,0.00440999882378739,0.00331361400313327,0.00574563173440335
0,0,1,0,0,0,0,0,1,1,0.00494837410297908,0.00369580037594942,0.00655114548625548
0,0,1,0,0,0,0,1,0,0,0.0125911369993704,0.00776908158974793,0.0205443532131576
0,0,1,0,0,0,0,1,0,1,0.0142157783375262,0.00858707884600679,0.0232802982970399
0,0,1,0,0,0,0,1,1,0,0.0131050373697968,0.00841979544399044,0.0205513466205991
0,0,1,0,0,0,0,1,1,1,0.0147369652501351,0.00936661382169143,0.0232487503740462
0,0,1,0,0,0,1,0,0,0,0.00881455384089759,0.00350613652642821,0.0230519063543235
0,0,1,0,0,0,1,0,0,1,0.00998008488071595,0.00397592655764422,0.0254676649871961
0,0,1,0,0,0,1,0,1,0,0.00924680774391884,0.00369033496010873,0.0230879916116012
0,0,1,0,0,0,1,0,1,1,0.0103653516324347,0.00420462629832164,0.0257884045149824
0,0,1,0,0,0,1,1,0,0,0.0259808546093875,0.00978133310303504,0.0701984594794282
0,0,1,0,0,0,1,1,0,1,0.0293589948922811,0.0110230613429435,0.0796168639391676
0,0,1,0,0,0,1,1,1,0,0.026945425636566,0.0102180269890605,0.070684998979569
0,0,1,0,0,0,1,1,1,1,0.0302373159470958,0.0114879935367125,0.0788854873457042
0,0,1,0,0,1,0,0,0,0,0.00633158057467803,0.00461498671416436,0.00867983453946544
0,0,1,0,0,1,0,0,0,1,0.007105018657085,0.00510912189865481,0.00979158338947359
0,0,1,0,0,1,0,0,1,0,0.00653706810302965,0.00492398941155389,0.00865802854192679
0,0,1,0,0,1,0,0,1,1,0.00729968265628849,0.00543963463326547,0.00986726706114812
0,0,1,0,0,1,0,1,0,0,0.0187243289634183,0.0114147537634329,0.0308188933642504
0,0,1,0,0,1,0,1,0,1,0.0210479018110161,0.0127152633730879,0.0348619622690078
0,0,1,0,0,1,0,1,1,0,0.0193814197597728,0.0123114334379509,0.0307223667413206
0,0,1,0,0,1,0,1,1,1,0.0216810527123077,0.0136181082604952,0.0348561616664331
0,0,1,0,0,1,1,0,0,0,0.0130314490196272,0.00526569166273833,0.0341158732270088
0,0,1,0,0,1,1,0,0,1,0.0146397516817445,0.00582836704947879,0.0375160070090773
0,0,1,0,0,1,1,0,1,0,0.0135594894117884,0.0054977267264517,0.0340620376130414
0,0,1,0,0,1,1,0,1,1,0.0152373966464475,0.00622830504754364,0.0382342283903099
0,0,1,0,0,1,1,1,0,0,0.0384740497367945,0.0143315567353026,0.102562474859481
0,0,1,0,0,1,1,1,0,1,0.0430270458973018,0.0159342303074376,0.114448264530093
0,0,1,0,0,1,1,1,1,0,0.0399718737174091,0.0147436381125762,0.102435254927366
0,0,1,0,0,1,1,1,1,1,0.0446196551314379,0.016630524316437,0.114384052734438
0,0,1,0,1,0,0,0,0,0,0.0107276021694658,0.00749130263478705,0.0149320038137418
0,0,1,0,1,0,0,0,0,1,0.0120061202324564,0.00838800366178843,0.0164880389530086
0,0,1,0,1,0,0,0,1,0,0.0110042929818873,0.00809682692327997,0.0149191798037329
0,0,1,0,1,0,0,0,1,1,0.0122806755967873,0.00894204559393105,0.0165925099817992
0,0,1,0,1,0,0,1,0,0,0.0314608685170161,0.0188063550926354,0.0504192501915865
0,0,1,0,1,0,0,1,0,1,0.0351938539328381,0.0208604203839428,0.0563754484849192
0,0,1,0,1,0,0,1,1,0,0.0326154597728782,0.0200489345229365,0.0508732664392839
0,0,1,0,1,0,0,1,1,1,0.0365065286659839,0.0222868910639307,0.0573985334969112
0,0,1,0,1,0,1,0,0,0,0.0218526250460251,0.00894763013883944,0.0553595560201714
0,0,1,0,1,0,1,0,0,1,0.0244555478600274,0.0100012812813153,0.0617538962519963
0,0,1,0,1,0,1,0,1,0,0.0227920706505048,0.00930937500866794,0.0576071741384266
0,0,1,0,1,0,1,0,1,1,0.0255017611108112,0.0104688159257023,0.0640197275098778
0,0,1,0,1,0,1,1,0,0,0.0642914290248966,0.0240675307783805,0.16706619032647
0,0,1,0,1,0,1,1,0,1,0.0714868125419599,0.0273570880457509,0.184567240779412
0,0,1,0,1,0,1,1,1,0,0.0659782695900606,0.0256677835770774,0.16490648808713
0,0,1,0,1,0,1,1,1,1,0.0733333650810796,0.0287764678062753,0.18151838913757
0,0,1,0,1,1,0,0,0,0,0.0159281872365472,0.0110103033378231,0.022017298415311
0,0,1,0,1,1,0,0,0,1,0.0176765039212802,0.0123659410459651,0.0246664216938796
0,0,1,0,1,1,0,0,1,0,0.0162409584311939,0.0119492705666819,0.022401750351082
0,0,1,0,1,1,0,0,1,1,0.0181722010647348,0.0132879125104151,0.0247130396600414
0,0,1,0,1,1,0,1,0,0,0.0463795516208609,0.0279119088046369,0.0749019628247573
0,0,1,0,1,1,0,1,0,1,0.0517005574737982,0.0309752954449579,0.0838646806366585
0,0,1,0,1,1,0,1,1,0,0.0478996752810889,0.0297968915289752,0.0751341146364894
0,0,1,0,1,1,0,1,1,1,0.05365479494021,0.0327266214167658,0.0840202151543393
0,0,1,0,1,1,1,0,0,0,0.0322832960119728,0.0134028452020968,0.0812103066070086
0,0,1,0,1,1,1,0,0,1,0.0360381174680214,0.0148025235497783,0.089414882307339
0,0,1,0,1,1,1,0,1,0,0.0333247970539543,0.0136950592139383,0.0841618411072274
0,0,1,0,1,1,1,0,1,1,0.0375253963213947,0.0152485182027798,0.0941571622588339
0,0,1,0,1,1,1,1,0,0,0.093327492403032,0.0347101983007131,0.235767913499761
0,0,1,0,1,1,1,1,0,1,0.104409239544499,0.0392223288291707,0.259180445158975
0,0,1,0,1,1,1,1,1,0,0.0968589425109373,0.0372241118605107,0.2331875434821
0,0,1,0,1,1,1,1,1,1,0.107094031044966,0.0416508345218562,0.25861876052904
0,0,1,1,0,0,0,0,0,0,0.00710310715203668,0.00456504017283649,0.0112981010401233
0,0,1,1,0,0,0,0,0,1,0.00793551873393141,0.00504551999929442,0.0125970601965322
0,0,1,1,0,0,0,0,1,0,0.00738540291810369,0.00485085598359053,0.0113369178438852
0,0,1,1,0,0,0,0,1,1,0.00819541769320513,0.00531783028639546,0.0127287568524971
0,0,1,1,0,0,0,1,0,0,0.0208586586199372,0.0120150185526546,0.0369511125487205
0,0,1,1,0,0,0,1,0,1,0.023269982817218,0.0134818701517998,0.0409853767856284
0,0,1,1,0,0,0,1,1,0,0.0216882746000633,0.0126676333992745,0.0365576895532392
0,0,1,1,0,0,0,1,1,1,0.0241896842451375,0.014198023488954,0.0412206871211443
0,0,1,1,0,0,1,0,0,0,0.0144416313123192,0.00538129003164305,0.0405120533444033
0,0,1,1,0,0,1,0,0,1,0.0163223965151069,0.00606275181765495,0.0447477645080142
0,0,1,1,0,0,1,0,1,0,0.0151551715977635,0.00567409223984199,0.0401715197400619
0,0,1,1,0,0,1,0,1,1,0.0169807278899489,0.00645519999989802,0.0446452995893859
0,0,1,1,0,0,1,1,0,0,0.04333173362743,0.0147711899284948,0.122253132104196
0,0,1,1,0,0,1,1,0,1,0.0481731170087169,0.0166660991964312,0.133639159008234
0,0,1,1,0,0,1,1,1,0,0.0444781002796331,0.0155841566250984,0.120967543694936
0,0,1,1,0,0,1,1,1,1,0.0501364175986395,0.017579721401242,0.136751324949522
0,0,1,1,0,1,0,0,0,0,0.0103759742058355,0.00673175494208718,0.016672357575856
0,0,1,1,0,1,0,0,0,1,0.0116310176279938,0.00750748168231814,0.0186722643963278
0,0,1,1,0,1,0,0,1,0,0.0108738880091536,0.00715827601087634,0.0169240784114916
0,0,1,1,0,1,0,0,1,1,0.0121209481401784,0.00793152859092561,0.0190676771172233
0,0,1,1,0,1,0,1,0,0,0.0309516137874319,0.0175236879951181,0.0549946894774182
0,0,1,1,0,1,0,1,0,1,0.0343670624777294,0.0198364227430347,0.0606010815603289
0,0,1,1,0,1,0,1,1,0,0.032248957769471,0.0187240346462039,0.0544636124349288
0,0,1,1,0,1,0,1,1,1,0.0358440356869754,0.0207769762724184,0.0609610170590548
0,0,1,1,0,1,1,0,0,0,0.0215101358043961,0.00786696063447971,0.0600348569307909
0,0,1,1,0,1,1,0,0,1,0.0242900442700538,0.00889371582965673,0.0673105898651968
0,0,1,1,0,1,1,0,1,0,0.0224426684781322,0.00836511390036558,0.0597435608365291
0,0,1,1,0,1,1,0,1,1,0.025181149832624,0.00963079248335518,0.0666478880599379
0,0,1,1,0,1,1,1,0,0,0.0633004325954631,0.0218481355893304,0.173719233523598
0,0,1,1,0,1,1,1,0,1,0.0706538709746725,0.024850931809293,0.193505810332986
0,0,1,1,0,1,1,1,1,0,0.0657856188397287,0.0230422236275076,0.175739427999035
0,0,1,1,0,1,1,1,1,1,0.0731397655800952,0.025799492067284,0.197342436116254
0,0,1,1,1,0,0,0,0,0,0.0176807996294251,0.0111983367540136,0.0279499510176337
0,0,1,1,1,0,0,0,0,1,0.0197430525142077,0.0125329501044075,0.0311022655233594
0,0,1,1,1,0,0,0,1,0,0.0183482747437905,0.0118202538978451,0.0281524827931266
0,0,1,1,1,0,0,0,1,1,0.0204206592127974,0.0130534050348168,0.0315181789268633
0,0,1,1,1,0,0,1,0,0,0.051741120028572,0.0291523606771864,0.0889586480233192
0,0,1,1,1,0,0,1,0,1,0.0576967254679676,0.032193510308996,0.0976328378257738
0,0,1,1,1,0,0,1,1,0,0.0540870016284693,0.0300956694894354,0.0897943628546123
0,0,1,1,1,0,0,1,1,1,0.0599508253395951,0.0339107737106131,0.101947197533487
0,0,1,1,1,0,1,0,0,0,0.0359683477562324,0.0137383031553232,0.0952192082611925
0,0,1,1,1,0,1,0,0,1,0.0402488600351535,0.015059188781009,0.107024136589083
0,0,1,1,1,0,1,0,1,0,0.0371755465269495,0.0139942972028161,0.0953666731405012
0,0,1,1,1,0,1,0,1,1,0.0417394419796509,0.0158060592576599,0.106513473764971
0,0,1,1,1,0,1,1,0,0,0.103944995280336,0.0378562063918167,0.271075286890623
0,0,1,1,1,0,1,1,0,1,0.116303637918079,0.0424244083408719,0.298760315132242
0,0,1,1,1,0,1,1,1,0,0.106776523088478,0.0377399215610711,0.276220629596091
0,0,1,1,1,0,1,1,1,1,0.11902478940657,0.042743869624975,0.302303685282767
0,0,1,1,1,1,0,0,0,0,0.0259795346159521,0.01649088912622,0.0413645842994571
0,0,1,1,1,1,0,0,0,1,0.0289153366270567,0.0184307049463287,0.0458819246431258
0,0,1,1,1,1,0,0,1,0,0.0270431571890664,0.0171541133447552,0.0416888587116332
0,0,1,1,1,1,0,0,1,1,0.0300831709634014,0.019263428135508,0.0463586566763264
0,0,1,1,1,1,0,1,0,0,0.0755374844097581,0.0430625937318676,0.130993595265003
0,0,1,1,1,1,0,1,0,1,0.0838116721910942,0.0476556543169866,0.144291701360866
0,0,1,1,1,1,0,1,1,0,0.0787341899875206,0.0448069653668014,0.129716131378925
0,0,1,1,1,1,0,1,1,1,0.0876184600369664,0.0501325891606659,0.147411475429233
0,0,1,1,1,1,1,0,0,0,0.0528376071041491,0.0193867006366492,0.140536004669935
0,0,1,1,1,1,1,0,0,1,0.058974057069956,0.0220305599880454,0.15590754696291
0,0,1,1,1,1,1,0,1,0,0.0550499759425221,0.0205166646274512,0.140223773528082
0,0,1,1,1,1,1,0,1,1,0.0612137965658015,0.0229893208206748,0.157023771355208
0,0,1,1,1,1,1,1,0,0,0.150591905012439,0.0559687789848652,0.375823672697437
0,0,1,1,1,1,1,1,0,1,0.167675525982687,0.062303835437287,0.414641489309914
0,0,1,1,1,1,1,1,1,0,0.154983658989899,0.0564378462188431,0.38502735884393
0,0,1,1,1,1,1,1,1,1,0.170988528636009,0.0627639487742507,0.414021112868782
0,1,0,0,0,0,0,0,0,0,0.00689885607952374,0.00523451027037284,0.00918092253255895
0,1,0,0,0,0,0,0,0,1,0.00772691749538749,0.00581380840042928,0.0103891503917879
0,1,0,0,0,0,0,0,1,0,0.00680117260592366,0.00520113538548776,0.00909628218003755
0,1,0,0,0,0,0,0,1,1,0.00761293320381166,0.0057409030648488,0.0101922225269295
0,1,0,0,0,0,0,1,0,0,0.0205043253672679,0.0131811095182733,0.0321567300478376
0,1,0,0,0,0,0,1,0,1,0.022930044032247,0.0148609284695138,0.0363221735969283
0,1,0,0,0,0,0,1,1,0,0.0202075392920537,0.0129619655663666,0.0313528295204504
0,1,0,0,0,0,0,1,1,1,0.0225957217510487,0.0146192508442631,0.0353643642142665
0,1,0,0,0,0,1,0,0,0,0.0143263003864924,0.00587018587164819,0.0362640627457657
0,1,0,0,0,0,1,0,0,1,0.0161186911861627,0.0066391319796731,0.0409136580990246
0,1,0,0,0,0,1,0,1,0,0.0141123812282721,0.00571291325051574,0.0355449862850885
0,1,0,0,0,0,1,0,1,1,0.0160313005556295,0.00652183803404063,0.0394647245889505
0,1,0,0,0,0,1,1,0,0,0.0421873320723916,0.015823407193368,0.106143324015116
0,1,0,0,0,0,1,1,0,1,0.0467202182924701,0.0178819544341366,0.116643501075951
0,1,0,0,0,0,1,1,1,0,0.0416114558246964,0.0156941703480484,0.103276831311375
0,1,0,0,0,0,1,1,1,1,0.04636279656129,0.0175161159189521,0.1155782945619
0,1,0,0,0,1,0,0,0,0,0.0101998954838878,0.00774137717031206,0.0137664463494949
0,1,0,0,0,1,0,0,0,1,0.0114073608206247,0.00853798194393013,0.0154183306517022
0,1,0,0,0,1,0,0,1,0,0.0100422912876826,0.00771828637186849,0.0135570824865501
0,1,0,0,0,1,0,0,1,1,0.0112482540456586,0.00849708549657751,0.0152294861380338
0,1,0,0,0,1,0,1,0,0,0.0301646807351963,0.0193087829727583,0.0472740196478933
0,1,0,0,0,1,0,1,0,1,0.0339754490735274,0.0215155556391551,0.0536104166808804
0,1,0,0,0,1,0,1,1,0,0.029964178223772,0.019042369166616,0.0463107515538193
0,1,0,0,0,1,0,1,1,1,0.0334334394566484,0.0210975793825638,0.052554027014419
0,1,0,0,0,1,1,0,0,0,0.021241703963354,0.00844084741700724,0.0522934199018208
0,1,0,0,0,1,1,0,0,1,0.0237597038051026,0.00953436535082786,0.058929071034454
0,1,0,0,0,1,1,0,1,0,0.0209496748136253,0.00835152223023969,0.0515615083265352
0,1,0,0,0,1,1,0,1,1,0.0234821188565655,0.00948883942036954,0.0573992640578593
0,1,0,0,0,1,1,1,0,0,0.062082717826238,0.0233753746582545,0.155061693633828
0,1,0,0,0,1,1,1,0,1,0.0686874305319554,0.0257915465160078,0.171411512418363
0,1,0,0,0,1,1,1,1,0,0.0615475850685241,0.0229600775908955,0.151914089832748
0,1,0,0,0,1,1,1,1,1,0.0680634608459042,0.0255383073488625,0.168349097159045
0,1,0,0,1,0,0,0,0,0,0.0171575441907894,0.012775364027075,0.0230624575830857
0,1,0,0,1,0,0,0,0,1,0.0192041852761872,0.0141328877847411,0.0260337271027378
0,1,0,0,1,0,0,0,1,0,0.016940836965555,0.012542019690908,0.0227889086223511
0,1,0,0,1,0,0,0,1,1,0.0189743694943906,0.013861031984901,0.0256541299597412
0,1,0,0,1,0,0,1,0,0,0.0499588152499491,0.0314836721564549,0.0790418734118891
0,1,0,0,1,0,0,1,0,1,0.0562691631473334,0.0351642313852419,0.0893249088008797
0,1,0,0,1,0,0,1,1,0,0.0495880952015492,0.0310276135757198,0.0777891520548544
0,1,0,0,1,0,0,1,1,1,0.0554985099951267,0.0348221626130528,0.0875834631654442
0,1,0,0,1,0,1,0,0,0,0.0353088443199174,0.0147065819586785,0.0863427192680305
0,1,0,0,1,0,1,0,0,1,0.0396163745882642,0.0165894182391841,0.0964756553628989
0,1,0,0,1,0,1,0,1,0,0.0348860855060334,0.0144908216534232,0.0857149865484944
0,1,0,0,1,0,1,0,1,1,0.039046179493024,0.0162684115673873,0.0950477564243184
0,1,0,0,1,0,1,1,0,0,0.1016582278804,0.0392502674936071,0.247984971894094
0,1,0,0,1,0,1,1,0,1,0.112542506716028,0.0437683023431589,0.274903875409003
0,1,0,0,1,0,1,1,1,0,0.0999736943802008,0.0385359350733907,0.243897855007045
0,1,0,0,1,0,1,1,1,1,0.110632119898573,0.0435117683231539,0.268258075085474
0,1,0,0,1,1,0,0,0,0,0.0250986489424564,0.0188006043110314,0.0343460368810682
0,1,0,0,1,1,0,0,0,1,0.0281167487851878,0.0206051110630231,0.0384137702167031
0,1,0,0,1,1,0,0,1,0,0.0248893749944969,0.0185656967379974,0.0336900411705151
0,1,0,0,1,1,0,0,1,1,0.0278648605742507,0.0204620431213714,0.0381659522202006
0,1,0,0,1,1,0,1,0,0,0.0733305534175741,0.0462260450852248,0.116177866050889
0,1,0,0,1,1,0,1,0,1,0.0821868792467265,0.0515967798819331,0.128675302772749
0,1,0,0,1,1,0,1,1,0,0.0726037315957644,0.0458513602626127,0.115090916905766
0,1,0,0,1,1,0,1,1,1,0.0812301409818987,0.0505448395841652,0.127692801730062
0,1,0,0,1,1,1,0,0,0,0.051873163290825,0.0220482337086351,0.129359576709534
0,1,0,0,1,1,1,0,0,1,0.0578631229409063,0.0247178682102962,0.142487397029572
0,1,0,0,1,1,1,0,1,0,0.0516791654902774,0.021425013555569,0.125457731866768
0,1,0,0,1,1,1,0,1,1,0.0576602160522341,0.024028546146456,0.137647759320867
0,1,0,0,1,1,1,1,0,0,0.147232454707733,0.0572069645733492,0.343410908132073
0,1,0,0,1,1,1,1,0,1,0.16292550786937,0.0639687328477311,0.376585712649369
0,1,0,0,1,1,1,1,1,0,0.145248620189397,0.056627176898244,0.336944421623562
0,1,0,0,1,1,1,1,1,1,0.160890757842764,0.0633354780385462,0.371342604778979
0,1,0,1,0,0,0,0,0,0,0.0113996352001458,0.00749226301092228,0.018005027342198
0,1,0,1,0,0,0,0,0,1,0.0127732181461705,0.00825319222161688,0.0202973498644717
0,1,0,1,0,0,0,0,1,0,0.0112547262254467,0.00739646616320796,0.0176686798756294
0,1,0,1,0,0,0,0,1,1,0.0125784467850271,0.00822604858360656,0.02007440244765
0,1,0,1,0,0,0,1,0,0,0.0336794677510022,0.0195902298464863,0.057756144870631
0,1,0,1,0,0,0,1,0,1,0.0373087403433873,0.0218300310510556,0.0654102330465708
0,1,0,1,0,0,0,1,1,0,0.0333526709355542,0.0193568268698829,0.0566372603510117
0,1,0,1,0,0,0,1,1,1,0.0370311473877493,0.0216489512486991,0.0643106630843532
0,1,0,1,0,0,1,0,0,0,0.0236811987210414,0.00878252645876664,0.0633642102319993
0,1,0,1,0,0,1,0,0,1,0.0264222652833163,0.00994562680404298,0.07048130174394
0,1,0,1,0,0,1,0,1,0,0.0233567472525259,0.00882374764963229,0.0626525532324447
0,1,0,1,0,0,1,0,1,1,0.0261476483887936,0.0098113864462577,0.0691194688483027
0,1,0,1,0,0,1,1,0,0,0.0686475676303173,0.0248375353850848,0.18375140958497
0,1,0,1,0,0,1,1,0,1,0.076435437416382,0.0275538250382943,0.20054657279934
0,1,0,1,0,0,1,1,1,0,0.06777686337247,0.0249502475546721,0.18005578918957
0,1,0,1,0,0,1,1,1,1,0.0758186692955706,0.0272639655803609,0.198449609662894
0,1,0,1,0,1,0,0,0,0,0.0168785758822567,0.0111283777222482,0.0266467404254631
0,1,0,1,0,1,0,0,0,1,0.0188936437675347,0.0123275666593492,0.0302715912402909
0,1,0,1,0,1,0,0,1,0,0.0167120232117455,0.0108984098249677,0.0263994990851748
0,1,0,1,0,1,0,0,1,1,0.0186368349002752,0.0120371843152809,0.0297747095662168
0,1,0,1,0,1,0,1,0,0,0.0495846490911065,0.0288705624449048,0.0844957554589562
0,1,0,1,0,1,0,1,0,1,0.0551629671075134,0.0317166927477827,0.0957533726794959
0,1,0,1,0,1,0,1,1,0,0.0491306130202537,0.0284008055299698,0.0836090041959871
0,1,0,1,0,1,0,1,1,1,0.0546213115117105,0.0317049852378535,0.0947704721197366
0,1,0,1,0,1,1,0,0,0,0.035075561672871,0.0129942931719402,0.0942759873078257
0,1,0,1,0,1,1,0,0,1,0.0391729414242218,0.0149150853940557,0.103820650781598
0,1,0,1,0,1,1,0,1,0,0.0346349376834599,0.0127876872340535,0.0928961075473755
0,1,0,1,0,1,1,0,1,1,0.0387584104383434,0.0147878128391136,0.101678553073202
0,1,0,1,0,1,1,1,0,0,0.100112468760707,0.0358036583973994,0.264224827103057
0,1,0,1,0,1,1,1,0,1,0.111074237922343,0.0402162990046912,0.289033513906031
0,1,0,1,0,1,1,1,1,0,0.0988562901690236,0.0355208317018312,0.255330326433413
0,1,0,1,0,1,1,1,1,1,0.109917343842391,0.0396423758011585,0.283413361462726
0,1,0,1,1,0,0,0,0,0,0.0282996386844045,0.0181876654228462,0.0434380677779954
0,1,0,1,1,0,0,0,0,1,0.0316035092105573,0.0205069054485635,0.0490191615276464
0,1,0,1,1,0,0,0,1,0,0.0279851809396088,0.0180242506532417,0.0431235297636062
0,1,0,1,1,0,0,0,1,1,0.0311018591080499,0.0199951801654231,0.0484448839907964
0,1,0,1,1,0,0,1,0,0,0.0827544185756584,0.0464243494174643,0.138076511468144
0,1,0,1,1,0,0,1,0,1,0.0920274931307526,0.0516564540215462,0.15822370752407
0,1,0,1,1,0,0,1,1,0,0.081892094164124,0.0460411447636399,0.137801487505968
0,1,0,1,1,0,0,1,1,1,0.0908897262780197,0.0515036524411749,0.155693996890486
0,1,0,1,1,0,1,0,0,0,0.0579599185871605,0.0218108031180328,0.150022611259054
0,1,0,1,1,0,1,0,0,1,0.0640195918377503,0.0240161388600421,0.166434162959246
0,1,0,1,1,0,1,0,1,0,0.0571409630938634,0.0218214129842748,0.147365537657199
0,1,0,1,1,0,1,0,1,1,0.0632039153605791,0.0239174705969955,0.164109383098827
0,1,0,1,1,0,1,1,0,0,0.160598058556043,0.0594083971544418,0.399722186668236
0,1,0,1,1,0,1,1,0,1,0.177948692333932,0.0650787502828234,0.430366314441968
0,1,0,1,1,0,1,1,1,0,0.159757837183521,0.0588658975366436,0.391264950977329
0,1,0,1,1,0,1,1,1,1,0.175070907301644,0.0648915210356928,0.428539365938476
0,1,0,1,1,1,0,0,0,0,0.0416921482304051,0.026716001327166,0.0646694020964356
0,1,0,1,1,1,0,0,0,1,0.0464085665213122,0.0296946096556788,0.0722463427554418
0,1,0,1,1,1,0,0,1,0,0.040987986628891,0.0263735053208866,0.0637356622192593
0,1,0,1,1,1,0,0,1,1,0.0456422362044964,0.0291406722925009,0.0713484505303372
0,1,0,1,1,1,0,1,0,0,0.120599142206096,0.0682533532682788,0.198805660897966
0,1,0,1,1,1,0,1,0,1,0.133834101200462,0.0760786224595183,0.226166231420715
0,1,0,1,1,1,0,1,1,0,0.119207459825989,0.0680080484112512,0.198413381505973
0,1,0,1,1,1,0,1,1,1,0.132379233485225,0.0753152262262328,0.220237959337705
0,1,0,1,1,1,1,0,0,0,0.0847141182236795,0.0311277895021786,0.216485030286587
0,1,0,1,1,1,1,0,0,1,0.0940528961348602,0.0348026771645949,0.241517046268373
0,1,0,1,1,1,1,0,1,0,0.0834706240456962,0.0306644493021574,0.212945752538555
0,1,0,1,1,1,1,0,1,1,0.0928726816240245,0.0347252240024908,0.233771542609683
0,1,0,1,1,1,1,1,0,0,0.231184342279689,0.0866335362128701,0.536281077216829
0,1,0,1,1,1,1,1,0,1,0.254317084134019,0.0938826802362514,0.577838638451108
0,1,0,1,1,1,1,1,1,0,0.227654868260463,0.0859169701203337,0.529731313154803
0,1,0,1,1,1,1,1,1,1,0.250608761222456,0.0932680214401587,0.570149233426932
0,1,1,0,0,0,0,0,0,0,0.00661564507595625,0.00478088776732374,0.0089592074543078
0,1,1,0,0,0,0,0,0,1,0.00741042135830837,0.00534718022474326,0.0099880835362989
0,1,1,0,0,0,0,0,1,0,0.00680117260592366,0.00520113538548776,0.00909628218003755
0,1,1,0,0,0,0,0,1,1,0.00761293320381166,0.0057409030648488,0.0101922225269295
0,1,1,0,0,0,0,1,0,0,0.0193485969528986,0.0120784137707748,0.0315711564224135
0,1,1,0,0,0,0,1,0,1,0.0217515160365198,0.0134230783969699,0.0353623783322255
0,1,1,0,0,0,0,1,1,0,0.0202075392920537,0.0129619655663666,0.0313528295204504
0,1,1,0,0,0,0,1,1,1,0.0225957217510487,0.0146192508442631,0.0353643642142665
0,1,1,0,0,0,1,0,0,0,0.0136471404331414,0.00559276685466176,0.0356838633484364
0,1,1,0,0,0,1,0,0,1,0.0153780487877738,0.00623096669830555,0.0394565539000693
0,1,1,0,0,0,1,0,1,0,0.0141123812282721,0.00571291325051574,0.0355449862850885
0,1,1,0,0,0,1,0,1,1,0.0160313005556295,0.00652183803404063,0.0394647245889505
0,1,1,0,0,0,1,1,0,0,0.0398417579788324,0.0149340466442448,0.106964414553938
0,1,1,0,0,0,1,1,0,1,0.0449023030038014,0.016948210753419,0.118513578180433
0,1,1,0,0,0,1,1,1,0,0.0416114558246964,0.0156941703480484,0.103276831311375
0,1,1,0,0,0,1,1,1,1,0.04636279656129,0.0175161159189521,0.1155782945619
0,1,1,0,0,1,0,0,0,0,0.00977425224591867,0.00714051163650415,0.0134029156570042
0,1,1,0,0,1,0,0,0,1,0.0109669334498648,0.00795417702441111,0.0151183844056188
0,1,1,0,0,1,0,0,1,0,0.0100422912876826,0.00771828637186849,0.0135570824865501
0,1,1,0,0,1,0,0,1,1,0.0112482540456586,0.00849708549657751,0.0152294861380338
0,1,1,0,0,1,0,1,0,0,0.0287148103549123,0.017743352640966,0.0469308255907011
0,1,1,0,0,1,0,1,0,1,0.0322220183884734,0.0199348251985831,0.0518961977791488
0,1,1,0,0,1,0,1,1,0,0.029964178223772,0.019042369166616,0.0463107515538193
0,1,1,0,0,1,0,1,1,1,0.0334334394566484,0.0210975793825638,0.052554027014419
0,1,1,0,0,1,1,0,0,0,0.0204231593427775,0.00827009635099723,0.0525421980982971
0,1,1,0,0,1,1,0,0,1,0.0226557523542415,0.00909926878647474,0.0586049797222077
0,1,1,0,0,1,1,0,1,0,0.0209496748136253,0.00835152223023969,0.0515615083265352
0,1,1,0,0,1,1,0,1,1,0.0234821188565655,0.00948883942036954,0.0573992640578593
0,1,1,0,0,1,1,1,0,0,0.0589535890763276,0.0223316865663447,0.155265185134858
0,1,1,0,0,1,1,1,0,1,0.0658370425361287,0.024741111111525,0.172071100108819
0,1,1,0,0,1,1,1,1,0,0.0615475850685241,0.0229600775908955,0.151914089832748
0,1,1,0,0,1,1,1,1,1,0.0680634608459042,0.0255383073488625,0.168349097159045
0,1,1,0,1,0,0,0,0,0,0.01651512440483,0.0114591489999818,0.0226127056387976
0,1,1,0,1,0,0,0,0,1,0.0185384589483844,0.0127926782702665,0.0255179691441411
0,1,1,0,1,0,0,0,1,0,0.016940836965555,0.012542019690908,0.0227889086223511
0,1,1,0,1,0,0,0,1,1,0.0189743694943906,0.013861031984901,0.0256541299597412
0,1,1,0,1,0,0,1,0,0,0.0477027986810672,0.0294921692252205,0.0770213748545304
0,1,1,0,1,0,0,1,0,1,0.0535422309978546,0.0328010753101569,0.087350556091265
0,1,1,0,1,0,0,1,1,0,0.0495880952015492,0.0310276135757198,0.0777891520548544
0,1,1,0,1,0,0,1,1,1,0.0554985099951267,0.0348221626130528,0.0875834631654442
0,1,1,0,1,0,1,0,0,0,0.0334768821181006,0.0137002091051801,0.0847831134244667
0,1,1,0,1,0,1,0,0,1,0.0375492102380672,0.0155389564605602,0.0941088031646943
0,1,1,0,1,0,1,0,1,0,0.0348860855060334,0.0144908216534232,0.0857149865484944
0,1,1,0,1,0,1,0,1,1,0.039046179493024,0.0162684115673873,0.0950477564243184
0,1,1,0,1,0,1,1,0,0,0.0969365793128323,0.0372338818705102,0.244968851929237
0,1,1,0,1,0,1,1,0,1,0.107852029244179,0.0417391394896725,0.26861199613931
0,1,1,0,1,0,1,1,1,0,0.0999736943802008,0.0385359350733907,0.243897855007045
0,1,1,0,1,0,1,1,1,1,0.110632119898573,0.0435117683231539,0.268258075085474
0,1,1,0,1,1,0,0,0,0,0.0244098186995403,0.0171272307891788,0.0336374775042185
0,1,1,0,1,1,0,0,0,1,0.0271450734586235,0.0189685555653431,0.0376249740849849
0,1,1,0,1,1,0,0,1,0,0.0248893749944969,0.0185656967379974,0.0336900411705151
0,1,1,0,1,1,0,0,1,1,0.0278648605742507,0.0204620431213714,0.0381659522202006
0,1,1,0,1,1,0,1,0,0,0.0699124984036593,0.043207515683121,0.112668504816009
0,1,1,0,1,1,0,1,0,1,0.078798851290318,0.0475289599516036,0.126924008640281
0,1,1,0,1,1,0,1,1,0,0.0726037315957644,0.0458513602626127,0.115090916905766
0,1,1,0,1,1,0,1,1,1,0.0812301409818987,0.0505448395841652,0.127692801730062
0,1,1,0,1,1,1,0,0,0,0.0494035385324865,0.0203351697507569,0.123651499929781
0,1,1,0,1,1,1,0,0,1,0.0553575477591462,0.022722569985869,0.137993955792566
0,1,1,0,1,1,1,0,1,0,0.0516791654902774,0.021425013555569,0.125457731866768
0,1,1,0,1,1,1,0,1,1,0.0576602160522341,0.024028546146456,0.137647759320867
0,1,1,0,1,1,1,1,0,0,0.140304432918735,0.0537343880799978,0.342345636126932
0,1,1,0,1,1,1,1,0,1,0.155816116142271,0.0606754018184189,0.370602380566728
0,1,1,0,1,1,1,1,1,0,0.145248620189397,0.056627176898244,0.336944421623562
0,1,1,0,1,1,1,1,1,1,0.160890757842764,0.0633354780385462,0.371342604778979
0,1,1,1,0,0,0,0,0,0,0.0108903092101953,0.00708156588799038,0.0176617656525471
0,1,1,1,0,0,0,0,0,1,0.0121847265270532,0.00788304482064233,0.0198509453280428
0,1,1,1,0,0,0,0,1,0,0.0112547262254467,0.00739646616320796,0.0176686798756294
0,1,1,1,0,0,0,0,1,1,0.0125784467850271,0.00822604858360656,0.02007440244765
0,1,1,1,0,0,0,1,0,0,0.0321487988834561,0.0183970874192574,0.0560910328459627
0,1,1,1,0,0,0,1,0,1,0.0358627414813461,0.0206757019782705,0.0637064592156556
0,1,1,1,0,0,0,1,1,0,0.0333526709355542,0.0193568268698829,0.0566372603510117
0,1,1,1,0,0,0,1,1,1,0.0370311473877493,0.0216489512486991,0.0643106630843532
0,1,1,1,0,0,1,0,0,0,0.0223597879684621,0.00842385303963734,0.0632136750701758
0,1,1,1,0,0,1,0,0,1,0.0249824221217873,0.0095337715068671,0.0705716013357352
0,1,1,1,0,0,1,0,1,0,0.0233567472525259,0.00882374764963229,0.0626525532324447
0,1,1,1,0,0,1,0,1,1,0.0261476483887936,0.0098113864462577,0.0691194688483027
0,1,1,1,0,0,1,1,0,0,0.0658435636471437,0.0236882180395178,0.181163906616588
0,1,1,1,0,0,1,1,0,1,0.0735454030658893,0.0266460268571105,0.203851007714831
0,1,1,1,0,0,1,1,1,0,0.06777686337247,0.0249502475546721,0.18005578918957
0,1,1,1,0,0,1,1,1,1,0.0758186692955706,0.0272639655803609,0.198449609662894
0,1,1,1,0,1,0,0,0,0,0.0160984276923227,0.0103695162301122,0.0259800573579262
0,1,1,1,0,1,0,0,0,1,0.0179953073822767,0.0116815790508755,0.0290775286187928
0,1,1,1,0,1,0,0,1,0,0.0167120232117455,0.0108984098249677,0.0263994990851748
0,1,1,1,0,1,0,0,1,1,0.0186368349002752,0.0120371843152809,0.0297747095662168
0,1,1,1,0,1,0,1,0,0,0.0471506433283487,0.0271939053367103,0.0842192197075963
0,1,1,1,0,1,0,1,0,1,0.0527561992938588,0.0304559491818025,0.0936888735608894
0,1,1,1,0,1,0,1,1,0,0.0491306130202537,0.0284008055299698,0.0836090041959871
0,1,1,1,0,1,0,1,1,1,0.0546213115117105,0.0317049852378535,0.0947704721197366
0,1,1,1,0,1,1,0,0,0,0.033115640389212,0.0122168556479974,0.0943734732666034
0,1,1,1,0,1,1,0,0,1,0.0370701238582884,0.0138200320570872,0.104053610432023
0,1,1,1,0,1,1,0,1,0,0.0346349376834599,0.0127876872340535,0.0928961075473755
0,1,1,1,0,1,1,0,1,1,0.0387584104383434,0.0147878128391136,0.101678553073202
0,1,1,1,0,1,1,1,0,0,0.0962548117542888,0.034757521366289,0.264642789969157
0,1,1,1,0,1,1,1,0,1,0.106958603073669,0.0387870754270536,0.288056216396305
0,1,1,1,0,1,1,1,1,0,0.0988562901690236,0.0355208317018312,0.255330326433413
0,1,1,1,0,1,1,1,1,1,0.109917343842391,0.0396423758011585,0.283413361462726
0,1,1,1,1,0,0,0,0,0,0.0271413015902052,0.0171552667973861,0.0432928495974008
0,1,1,1,1,0,0,0,0,1,0.0304133137474949,0.0190058765582709,0.0483135742888052
0,1,1,1,1,0,0,0,1,0,0.0279851809396088,0.0180242506532417,0.0431235297636062
0,1,1,1,1,0,0,0,1,1,0.0311018591080499,0.0199951801654231,0.0484448839907964
0,1,1,1,1,0,0,1,0,0,0.0788234940005545,0.0437154323835655,0.136649919516742
0,1,1,1,1,0,0,1,0,1,0.0877983258742563,0.0486316721864274,0.14990375944253
0,1,1,1,1,0,0,1,1,0,0.081892094164124,0.0460411447636399,0.137801487505968
0,1,1,1,1,0,0,1,1,1,0.0908897262780197,0.0515036524411749,0.155693996890486
0,1,1,1,1,0,1,0,0,0,0.0548610152969882,0.0211491065918375,0.145592284103846
0,1,1,1,1,0,1,0,0,1,0.0612958320884664,0.0236893105234627,0.164849592891047
0,1,1,1,1,0,1,0,1,0,0.0571409630938634,0.0218214129842748,0.147365537657199
0,1,1,1,1,0,1,0,1,1,0.0632039153605791,0.0239174705969955,0.164109383098827
0,1,1,1,1,0,1,1,0,0,0.155315912981368,0.0572221204367868,0.388150808745132
0,1,1,1,1,0,1,1,0,1,0.171604781882219,0.06539048552096,0.427164873591581
0,1,1,1,1,0,1,1,1,0,0.159757837183521,0.0588658975366436,0.391264950977329
0,1,1,1,1,0,1,1,1,1,0.175070907301644,0.0648915210356928,0.428539365938476
0,1,1,1,1,1,0,0,0,0,0.039986114592084,0.024845336189719,0.0630484987020633
0,1,1,1,1,1,0,0,0,1,0.0444508340972062,0.0281793545256463,0.0711544600938183
0,1,1,1,1,1,0,0,1,0,0.040987986628891,0.0263735053208866,0.0637356622192593
0,1,1,1,1,1,0,0,1,1,0.0456422362044964,0.0291406722925009,0.0713484505303372
0,1,1,1,1,1,0,1,0,0,0.114698726777805,0.0635947260622379,0.197361147899978
0,1,1,1,1,1,0,1,0,1,0.127740265102614,0.0712974413911849,0.217155695337155
0,1,1,1,1,1,0,1,1,0,0.119207459825989,0.0680080484112512,0.198413381505973
0,1,1,1,1,1,0,1,1,1,0.132379233485225,0.0753152262262328,0.220237959337705
0,1,1,1,1,1,1,0,0,0,0.079894913592392,0.0301738142487,0.21161697202795
0,1,1,1,1,1,1,0,0,1,0.0892557966966544,0.0334437596133275,0.233231749806054
0,1,1,1,1,1,1,0,1,0,0.0834706240456962,0.0306644493021574,0.212945752538555
0,1,1,1,1,1,1,0,1,1,0.0928726816240245,0.0347252240024908,0.233771542609683
0,1,1,1,1,1,1,1,0,0,0.220806277664912,0.0834632079913448,0.523657673815124
0,1,1,1,1,1,1,1,0,1,0.244565784873657,0.0945006611943145,0.56567339634548
0,1,1,1,1,1,1,1,1,0,0.227654868260463,0.0859169701203337,0.529731313154803
0,1,1,1,1,1,1,1,1,1,0.250608761222456,0.0932680214401587,0.570149233426932
1,0,0,0,0,0,0,0,0,0,0.00919521279653155,0.00406179004961232,0.0203507151036896
1,0,0,0,0,0,0,0,0,1,0.0102089078704182,0.00451193686748678,0.0225265764247096
1,0,0,0,0,0,0,0,1,0,0.00909067366880004,0.00399719924157825,0.0199197986112773
1,0,0,0,0,0,0,0,1,1,0.010106124481375,0.00439442877549454,0.0222304189250855
1,0,0,0,0,0,0,1,0,0,0.0271389760608504,0.0110625490516683,0.0615691203290529
1,0,0,0,0,0,0,1,0,1,0.0300010820463553,0.0124267884533975,0.0686948514911057
1,0,0,0,0,0,0,1,1,0,0.0267598953019873,0.0110438692680927,0.0602036438543398
1,0,0,0,0,0,0,1,1,1,0.0295377494611795,0.0124008335974198,0.0684152810045087
1,0,0,0,0,0,1,0,0,0,0.0191343748561564,0.00563108493312901,0.0591460313070361
1,0,0,0,0,0,1,0,0,1,0.0213641855562274,0.0061967902222999,0.0659618028782168
1,0,0,0,0,0,1,0,1,0,0.0188545815757399,0.00554339599601431,0.0581796088173613
1,0,0,0,0,0,1,0,1,1,0.021125834545653,0.00621102397323873,0.0659921032274273
1,0,0,0,0,0,1,1,0,0,0.0565829017979042,0.0157655051723266,0.170249052650866
1,0,0,0,0,0,1,1,0,1,0.0630649507945035,0.0175423786346215,0.187240888475969
1,0,0,0,0,0,1,1,1,0,0.055331188466352,0.015821320359477,0.168278541195429
1,0,0,0,0,0,1,1,1,1,0.0619562112041637,0.017422754469773,0.184455505045217
1,0,0,0,0,1,0,0,0,0,0.013437788153884,0.00603606223038433,0.0305230170341416
1,0,0,0,0,1,0,0,0,1,0.0150751816300223,0.00678579698409916,0.0341501476921571
1,0,0,0,0,1,0,0,1,0,0.0133076133030327,0.00592949953762846,0.0306711180085233
1,0,0,0,0,1,0,0,1,1,0.01499781840116,0.00658936572045241,0.03402896170335
1,0,0,0,0,1,0,1,0,0,0.0398267745062179,0.0164881659607853,0.0901267381759872
1,0,0,0,0,1,0,1,0,1,0.0442186348675363,0.0184563113764242,0.100133450608998
1,0,0,0,0,1,0,1,1,0,0.03932054423626,0.0163721571863269,0.0896386248683548
1,0,0,0,0,1,0,1,1,1,0.0438708085313033,0.01817742022327,0.0998122323939227
1,0,0,0,0,1,1,0,0,0,0.0281559059439361,0.00822427465197112,0.0879849040004871
1,0,0,0,0,1,1,0,0,1,0.0314661362589679,0.00917152520530882,0.098026780538281
1,0,0,0,0,1,1,0,1,0,0.0277316011343165,0.00816861700567853,0.0863204589040683
1,0,0,0,0,1,1,0,1,1,0.031159604496753,0.00911433887917549,0.0961075045129679
1,0,0,0,0,1,1,1,0,0,0.08269572843847,0.0224953686664854,0.243341719532997
1,0,0,0,0,1,1,1,0,1,0.0917459251297281,0.0249268264548757,0.265039530256638
1,0,0,0,0,1,1,1,1,0,0.0820314948605527,0.0224728770339077,0.239880636982802
1,0,0,0,0,1,1,1,1,1,0.0905521631515915,0.0250502171824356,0.26358122913489
1,0,0,0,1,0,0,0,0,0,0.0226108238420028,0.0095847396807466,0.051771764156494
1,0,0,0,1,0,0,0,0,1,0.0252544136304839,0.0106969829779852,0.0582026051400231
1,0,0,0,1,0,0,0,1,0,0.0223448333983044,0.00943660791063092,0.0508489830392241
1,0,0,0,1,0,0,0,1,1,0.0248729286969498,0.0105007460027312,0.0570910689401441
1,0,0,0,1,0,0,1,0,0,0.0667480243327827,0.0268440859923743,0.147110346405256
1,0,0,0,1,0,0,1,0,1,0.0734474547277827,0.029781783100127,0.165654676125847
1,0,0,0,1,0,0,1,1,0,0.0656903787738964,0.0266269790495196,0.145650969159041
1,0,0,0,1,0,0,1,1,1,0.0725411115821189,0.029337520432894,0.161963909533177
1,0,0,0,1,0,1,0,0,0,0.0463799592054431,0.0134178960425511,0.14608029239913
1,0,0,0,1,0,1,0,0,1,0.0518902072542429,0.0151363173398343,0.160909956294195
1,0,0,0,1,0,1,0,1,0,0.0456599956477085,0.0132335274185408,0.141519761142992
1,0,0,0,1,0,1,0,1,1,0.0508277342427641,0.0149593145045586,0.156238025488587
1,0,0,0,1,0,1,1,0,0,0.135152542692511,0.0392822791617675,0.384597957720391
1,0,0,0,1,0,1,1,0,1,0.149909603953984,0.0434704900422141,0.415110020969372
1,0,0,0,1,0,1,1,1,0,0.1329302370223,0.0388286430223706,0.377090810448501
1,0,0,0,1,0,1,1,1,1,0.146636685714981,0.0430912350960849,0.412466929853981
1,0,0,0,1,1,0,0,0,0,0.0334219660105459,0.0145667789898955,0.0755236122042198
1,0,0,0,1,1,0,0,0,1,0.0371063948740556,0.0158116963392048,0.0851364334869816
1,0,0,0,1,1,0,0,1,0,0.0328079603207703,0.0140621050554229,0.0747373595063188
1,0,0,0,1,1,0,0,1,1,0.0365586040643108,0.0156702663442332,0.0846030274277598
1,0,0,0,1,1,0,1,0,0,0.0958424004343472,0.039346851122479,0.210363229036428
1,0,0,0,1,1,0,1,0,1,0.106727638986132,0.0437716672121025,0.23378215694099
1,0,0,0,1,1,0,1,1,0,0.0944899160482985,0.038872878541022,0.211068862248859
1,0,0,0,1,1,0,1,1,1,0.104828101304042,0.043428427179398,0.231349533541321
1,0,0,0,1,1,1,0,0,0,0.0685680043501125,0.0199412143785689,0.208565493798748
1,0,0,0,1,1,1,0,0,1,0.0762624787328568,0.022219145576068,0.23061100303226
1,0,0,0,1,1,1,0,1,0,0.0677156990407916,0.0197340717737161,0.202427726900413
1,0,0,0,1,1,1,0,1,1,0.0753353613218684,0.0219322228442906,0.22398129771362
1,0,0,0,1,1,1,1,0,0,0.193262202170591,0.0564614483397443,0.514418199114379
1,0,0,0,1,1,1,1,0,1,0.21224603962204,0.062436401174439,0.549061948559433
1,0,0,0,1,1,1,1,1,0,0.190591708761321,0.0564625937953105,0.507716270888462
1,0,0,0,1,1,1,1,1,1,0.208936888786686,0.0625333643621886,0.544144666475387
1,0,0,1,0,0,0,0,0,0,0.0149415755991732,0.00664325479046499,0.0356073241080209
1,0,0,1,0,0,0,0,0,1,0.0167977012501672,0.00725490357388324,0.0405244106384233
1,0,0,1,0,0,0,0,1,0,0.0148089251612884,0.00651427875963927,0.0350974551291435
1,0,0,1,0,0,0,0,1,1,0.0165812001846183,0.00722526834496459,0.0395089808282026
1,0,0,1,0,0,0,1,0,0,0.0442375460740548,0.0179160139909264,0.103829777446111
1,0,0,1,0,0,0,1,0,1,0.0492687472354059,0.0200486058296594,0.115764247599142
1,0,0,1,0,0,0,1,1,0,0.0436488484014421,0.0179360696554884,0.103290173482882
1,0,0,1,0,0,0,1,1,1,0.0486101752894693,0.0198089614925068,0.115424074838805
1,0,0,1,0,0,1,0,0,0,0.0309427437529031,0.00882574995133938,0.100698627290499
1,0,0,1,0,0,1,0,0,1,0.0348177003271321,0.0100493752358613,0.112198469675717
1,0,0,1,0,0,1,0,1,0,0.0306830167192003,0.00878405095555632,0.0986270655702232
1,0,0,1,0,0,1,0,1,1,0.0344863960473461,0.0101238814402624,0.110492406615575
1,0,0,1,0,0,1,1,0,0,0.0918766901471007,0.0252551006751079,0.26900501195033
1,0,0,1,0,0,1,1,0,1,0.101967157283195,0.0280407576671348,0.297219444292847
1,0,0,1,0,0,1,1,1,0,0.0909960627885766,0.025306409649025,0.266934080757693
1,0,0,1,0,0,1,1,1,1,0.100918593035132,0.0277480073740286,0.294973546290146
1,0,0,1,0,1,0,0,0,0,0.0221647420674527,0.00981676140351728,0.0522939790579731
1,0,0,1,0,1,0,0,0,1,0.0248489279485345,0.0108160629555588,0.0589339295091804
1,0,0,1,0,1,0,0,1,0,0.0218410584901879,0.00968967061966999,0.0518280832877644
1,0,0,1,0,1,0,0,1,1,0.0244671209822953,0.0107374833184699,0.0574387454913326
1,0,0,1,0,1,0,1,0,0,0.0642049585047093,0.0264725064646627,0.150998403673865
1,0,0,1,0,1,0,1,0,1,0.0712600621635282,0.0300174174168589,0.170141072933348
1,0,0,1,0,1,0,1,1,0,0.0637398988229126,0.0261311188913438,0.149519887125164
1,0,0,1,0,1,0,1,1,1,0.070190605099033,0.0296963485949073,0.16778125774766
1,0,0,1,0,1,1,0,0,0,0.0458866173329221,0.0129471696396379,0.145338626091478
1,0,0,1,0,1,1,0,0,1,0.0516955547404384,0.0147911058124596,0.162215388412733
1,0,0,1,0,1,1,0,1,0,0.044910588750628,0.0127992692407815,0.144636131321379
1,0,0,1,0,1,1,0,1,1,0.0505004830891063,0.0146729356171073,0.16191145421624
1,0,0,1,0,1,1,1,0,0,0.133664519116439,0.0375040614001052,0.375582007137676
1,0,0,1,0,1,1,1,0,1,0.14868676367208,0.0416623373121445,0.415314412862705
1,0,0,1,0,1,1,1,1,0,0.13189915261553,0.0372402254707219,0.373639854723973
1,0,0,1,0,1,1,1,1,1,0.146155061383566,0.0413109777170562,0.407354242567157
1,0,0,1,1,0,0,0,0,0,0.0368791305203456,0.0160216949433819,0.0893387601153678
1,0,0,1,1,0,0,0,0,1,0.0412556462051026,0.0178473239734558,0.0995125120501973
1,0,0,1,1,0,0,0,1,0,0.0363771252161395,0.0158570163974685,0.0887818789197433
1,0,0,1,1,0,0,0,1,1,0.0408205404471301,0.01769279009876,0.098286437258537
1,0,0,1,1,0,0,1,0,0,0.10529341533569,0.043237864127559,0.246386239207664
1,0,0,1,1,0,0,1,0,1,0.117578684627989,0.0493550971540657,0.271345740398159
1,0,0,1,1,0,0,1,1,0,0.103992671853119,0.0430842951067964,0.243832481592688
1,0,0,1,1,0,0,1,1,1,0.11599632598977,0.048383969842033,0.270223601549615
1,0,0,1,1,0,1,0,0,0,0.0758863702215486,0.0222131609665607,0.230605821520908
1,0,0,1,1,0,1,0,0,1,0.0849407548603285,0.024331984893982,0.255609325035996
1,0,0,1,1,0,1,0,1,0,0.0747505462307528,0.0220730952462067,0.225524534886326
1,0,0,1,1,0,1,0,1,1,0.0838704796362099,0.0242408291000449,0.249905184870873
1,0,0,1,1,0,1,1,0,0,0.212240758523202,0.0618384144769063,0.550268482132621
1,0,0,1,1,0,1,1,0,1,0.234359654630116,0.0679478502918698,0.588535269762691
1,0,0,1,1,0,1,1,1,0,0.209900868910125,0.0612379746745364,0.544090845381102
1,0,0,1,1,0,1,1,1,1,0.232258761413869,0.0673746629613092,0.585196799355982
1,0,0,1,1,1,0,0,0,0,0.0539332501423846,0.0233442590508908,0.129595673992134
1,0,0,1,1,1,0,0,0,1,0.0602067252216598,0.0260774971875429,0.142517637944868
1,0,0,1,1,1,0,0,1,0,0.0532618076960824,0.0231926352530618,0.128218122083344
1,0,0,1,1,1,0,0,1,1,0.0596968763866082,0.0257858427729714,0.143214998279252
1,0,0,1,1,1,0,1,0,0,0.151391737273745,0.0631864108634888,0.341281055683708
1,0,0,1,1,1,0,1,0,1,0.167750230973144,0.0711671227904735,0.377044987687468
1,0,0,1,1,1,0,1,1,0,0.149635992430841,0.0621176620117863,0.339491084868929
1,0,0,1,1,1,0,1,1,1,0.166314201054997,0.0701752124769602,0.371021974361746
1,0,0,1,1,1,1,0,0,0,0.109962006980691,0.0320376847159732,0.324731394477178
1,0,0,1,1,1,1,0,0,1,0.122347096842014,0.0353882553617567,0.349871239396564
1,0,0,1,1,1,1,0,1,0,0.109198814369676,0.0317946886765847,0.316349178073631
1,0,0,1,1,1,1,0,1,1,0.120934787874709,0.0351700862989094,0.346937882946051
1,0,0,1,1,1,1,1,0,0,0.300603213046579,0.0894884182081868,0.692945357586533
1,0,0,1,1,1,1,1,0,1,0.329215204981626,0.101314558845522,0.732643024921963
1,0,0,1,1,1,1,1,1,0,0.295329036065152,0.0889539672487454,0.689566007004811
1,0,0,1,1,1,1,1,1,1,0.324779431824615,0.100438297241408,0.727023165091741
1,0,1,0,0,0,0,0,0,0,0.00877622114218117,0.00365937239576948,0.0198727402032158
1,0,1,0,0,0,0,0,0,1,0.00970007420148282,0.00412154950587228,0.0221206803087764
1,0,1,0,0,0,0,0,1,0,0.00909067366880004,0.00399719924157825,0.0199197986112773
1,0,1,0,0,0,0,0,1,1,0.010106124481375,0.00439442877549454,0.0222304189250855
1,0,1,0,0,0,0,1,0,0,0.0257895935023786,0.0099735765084177,0.05965652880066
1,0,1,0,0,0,0,1,0,1,0.0287692083017281,0.0111433970754115,0.0676502270715816
1,0,1,0,0,0,0,1,1,0,0.0267598953019873,0.0110438692680927,0.0602036438543398
1,0,1,0,0,0,0,1,1,1,0.0295377494611795,0.0124008335974198,0.0684152810045087
1,0,1,0,0,0,1,0,0,0,0.0181992671075254,0.00512026118809566,0.0577841150286224
1,0,1,0,0,0,1,0,0,1,0.0203915881395261,0.00575228879567132,0.0639770579105591
1,0,1,0,0,0,1,0,1,0,0.0188545815757399,0.00554339599601431,0.0581796088173613
1,0,1,0,0,0,1,0,1,1,0.021125834545653,0.00621102397323873,0.0659921032274273
1,0,1,0,0,0,1,1,0,0,0.053589751034419,0.0141668843858845,0.163473828531907
1,0,1,0,0,0,1,1,0,1,0.0596750702585548,0.0157541554547295,0.181548253508801
1,0,1,0,0,0,1,1,1,0,0.055331188466352,0.015821320359477,0.168278541195429
1,0,1,0,0,0,1,1,1,1,0.0619562112041637,0.017422754469773,0.184455505045217
1,0,1,0,0,1,0,0,0,0,0.0128613554202963,0.00552278398586814,0.0294478360416854
1,0,1,0,0,1,0,0,0,1,0.0143861581651597,0.00613239089391261,0.032370822780179
1,0,1,0,0,1,0,0,1,0,0.0133076133030327,0.00592949953762846,0.0306711180085233
1,0,1,0,0,1,0,0,1,1,0.01499781840116,0.00658936572045241,0.03402896170335
1,0,1,0,0,1,0,1,0,0,0.0377598333926943,0.0148424526164039,0.0883706133886207
1,0,1,0,0,1,0,1,0,1,0.0423231375122129,0.016562857189684,0.0985153418974391
1,0,1,0,0,1,0,1,1,0,0.03932054423626,0.0163721571863269,0.0896386248683548
1,0,1,0,0,1,0,1,1,1,0.0438708085313033,0.01817742022327,0.0998122323939227
1,0,1,0,0,1,1,0,0,0,0.0269294226307129,0.00757586275599317,0.0841312229918369
1,0,1,0,0,1,1,0,0,1,0.0299095727323544,0.00837699261760405,0.094133652613461
1,0,1,0,0,1,1,0,1,0,0.0277316011343165,0.00816861700567853,0.0863204589040683
1,0,1,0,0,1,1,0,1,1,0.031159604496753,0.00911433887917549,0.0961075045129679
1,0,1,0,0,1,1,1,0,0,0.0779744607675363,0.0204080619847383,0.233260094339852
1,0,1,0,0,1,1,1,0,1,0.0870335248360811,0.0229968196921046,0.255141251545946
1,0,1,0,0,1,1,1,1,0,0.0820314948605527,0.0224728770339077,0.239880636982802
1,0,1,0,0,1,1,1,1,1,0.0905521631515915,0.0250502171824356,0.26358122913489
1,0,1,0,1,0,0,0,0,0,0.0215456808349472,0.00888749681170868,0.0489982015479446
1,0,1,0,1,0,0,0,0,1,0.0240839126455503,0.00991107763556913,0.0545454790644307
1,0,1,0,1,0,0,0,1,0,0.0223448333983044,0.00943660791063092,0.0508489830392241
1,0,1,0,1,0,0,0,1,1,0.0248729286969498,0.0105007460027312,0.0570910689401441
1,0,1,0,1,0,0,1,0,0,0.0630140027415521,0.0242796179355813,0.147995416642446
1,0,1,0,1,0,0,1,0,1,0.0702421912706723,0.0270837465926308,0.163816290829665
1,0,1,0,1,0,0,1,1,0,0.0656903787738964,0.0266269790495196,0.145650969159041
1,0,1,0,1,0,0,1,1,1,0.0725411115821189,0.029337520432894,0.161963909533177
1,0,1,0,1,0,1,0,0,0,0.0448137250579867,0.0128429004133443,0.14209961087668
1,0,1,0,1,0,1,0,0,1,0.0504028636986841,0.0141159214681116,0.156610521104601
1,0,1,0,1,0,1,0,1,0,0.0456599956477085,0.0132335274185408,0.141519761142992
1,0,1,0,1,0,1,0,1,1,0.0508277342427641,0.0149593145045586,0.156238025488587
1,0,1,0,1,0,1,1,0,0,0.128146485528791,0.0362139590737296,0.367291627100405
1,0,1,0,1,0,1,1,0,1,0.142825066240389,0.0400830166823467,0.402566967360571
1,0,1,0,1,0,1,1,1,0,0.1329302370223,0.0388286430223706,0.377090810448501
1,0,1,0,1,0,1,1,1,1,0.146636685714981,0.0430912350960849,0.412466929853981
1,0,1,0,1,1,0,0,0,0,0.0315739449559545,0.0133415388069943,0.0716593558827444
1,0,1,0,1,1,0,0,0,1,0.0353384560759472,0.0147554934651434,0.0817465621403722
1,0,1,0,1,1,0,0,1,0,0.0328079603207703,0.0140621050554229,0.0747373595063188
1,0,1,0,1,1,0,0,1,1,0.0365586040643108,0.0156702663442332,0.0846030274277598
1,0,1,0,1,1,0,1,0,0,0.0913956589547404,0.0363632392429628,0.206752949781915
1,0,1,0,1,1,0,1,0,1,0.102447777723492,0.040134765816805,0.231049855057161
1,0,1,0,1,1,0,1,1,0,0.0944899160482985,0.038872878541022,0.211068862248859
1,0,1,0,1,1,0,1,1,1,0.104828101304042,0.043428427179398,0.231349533541321
1,0,1,0,1,1,1,0,0,0,0.0654187956301308,0.0187187587008416,0.201871653858096
1,0,1,0,1,1,1,0,0,1,0.0736994272358566,0.021199163916385,0.22275679830928
1,0,1,0,1,1,1,0,1,0,0.0677156990407916,0.0197340717737161,0.202427726900413
1,0,1,0,1,1,1,0,1,1,0.0753353613218684,0.0219322228442906,0.22398129771362
1,0,1,0,1,1,1,1,0,0,0.18408265348044,0.0515954888708063,0.496257865001382
1,0,1,0,1,1,1,1,0,1,0.204386166022678,0.057858410483955,0.535203158946937
1,0,1,0,1,1,1,1,1,0,0.190591708761321,0.0564625937953105,0.507716270888462
1,0,1,0,1,1,1,1,1,1,0.208936888786686,0.0625333643621886,0.544144666475387
1,0,1,1,0,0,0,0,0,0,0.0144758398588515,0.00609577428357757,0.0342078634455961
1,0,1,1,0,0,0,0,0,1,0.0161648800503975,0.006721325216865,0.03822905947835
1,0,1,1,0,0,0,0,1,0,0.0148089251612884,0.00651427875963927,0.0350974551291435
1,0,1,1,0,0,0,0,1,1,0.0165812001846183,0.00722526834496459,0.0395089808282026
1,0,1,1,0,0,0,1,0,0,0.0425793715275797,0.01653818785976,0.103507176981342
1,0,1,1,0,0,0,1,0,1,0.0475375493408963,0.0183184186431441,0.11404777199328
1,0,1,1,0,0,0,1,1,0,0.0436488484014421,0.0179360696554884,0.103290173482882
1,0,1,1,0,0,0,1,1,1,0.0486101752894693,0.0198089614925068,0.115424074838805
1,0,1,1,0,0,1,0,0,0,0.0299022270424811,0.00836959587264613,0.0970760812864724
1,0,1,1,0,0,1,0,0,1,0.0333939562716999,0.00935325964033908,0.108338666934494
1,0,1,1,0,0,1,0,1,0,0.0306830167192003,0.00878405095555632,0.0986270655702232
1,0,1,1,0,0,1,0,1,1,0.0344863960473461,0.0101238814402624,0.110492406615575
1,0,1,1,0,0,1,1,0,0,0.0876143246049729,0.0223316822518557,0.263734944358129
1,0,1,1,0,0,1,1,0,1,0.0973035340567779,0.02479871377081,0.287590080967066
1,0,1,1,0,0,1,1,1,0,0.0909960627885766,0.025306409649025,0.266934080757693
1,0,1,1,0,0,1,1,1,1,0.100918593035132,0.0277480073740286,0.294973546290146
1,0,1,1,0,1,0,0,0,0,0.0212834494919411,0.0089366583555445,0.0499171733130551
1,0,1,1,0,1,0,0,0,1,0.0239482915208385,0.00979300991297267,0.0555841121087552
1,0,1,1,0,1,0,0,1,0,0.0218410584901879,0.00968967061966999,0.0518280832877644
1,0,1,1,0,1,0,0,1,1,0.0244671209822953,0.0107374833184699,0.0574387454913326
1,0,1,1,0,1,0,1,0,0,0.0620142976752627,0.024247773364551,0.150280325057475
1,0,1,1,0,1,0,1,0,1,0.0697066993283753,0.0274322915528516,0.164527627372414
1,0,1,1,0,1,0,1,1,0,0.0637398988229126,0.0261311188913438,0.149519887125164
1,0,1,1,0,1,0,1,1,1,0.070190605099033,0.0296963485949073,0.16778125774766
1,0,1,1,0,1,1,0,0,0,0.0434576197669939,0.0121804475508185,0.140027480009181
1,0,1,1,0,1,1,0,0,1,0.0490058275358298,0.0137237448043638,0.157438410066009
1,0,1,1,0,1,1,0,1,0,0.044910588750628,0.0127992692407815,0.144636131321379
1,0,1,1,0,1,1,0,1,1,0.0505004830891063,0.0146729356171073,0.16191145421624
1,0,1,1,0,1,1,1,0,0,0.127532446754802,0.0342641123002792,0.353166227347892
1,0,1,1,0,1,1,1,0,1,0.140861316847332,0.0372018145271632,0.390528103955155
1,0,1,1,0,1,1,1,1,0,0.13189915261553,0.0372402254707219,0.373639854723973
1,0,1,1,0,1,1,1,1,1,0.146155061383566,0.0413109777170562,0.407354242567157
1,0,1,1,1,0,0,0,0,0,0.0354916013012928,0.0147616476331389,0.0847218577540331
1,0,1,1,1,0,0,0,0,1,0.0395057937873487,0.0163226298100308,0.0934858708491778
1,0,1,1,1,0,0,0,1,0,0.0363771252161395,0.0158570163974685,0.0887818789197433
1,0,1,1,1,0,0,0,1,1,0.0408205404471301,0.01769279009876,0.098286437258537
1,0,1,1,1,0,0,1,0,0,0.101910684243065,0.0414865220639431,0.2398163467506
1,0,1,1,1,0,0,1,0,1,0.11304990785771,0.0469575086093325,0.270870306963482
1,0,1,1,1,0,0,1,1,0,0.103992671853119,0.0430842951067964,0.243832481592688
1,0,1,1,1,0,0,1,1,1,0.11599632598977,0.048383969842033,0.270223601549615
1,0,1,1,1,0,1,0,0,0,0.0724675443342137,0.0207473462100729,0.224158267011613
1,0,1,1,1,0,1,0,0,1,0.081752564140962,0.022816373186383,0.250537013266156
1,0,1,1,1,0,1,0,1,0,0.0747505462307528,0.0220730952462067,0.225524534886326
1,0,1,1,1,0,1,0,1,1,0.0838704796362099,0.0242408291000449,0.249905184870873
1,0,1,1,1,0,1,1,0,0,0.204771725864132,0.054972081412197,0.535445803513736
1,0,1,1,1,0,1,1,0,1,0.224475816505293,0.0614100091053956,0.578529739637927
1,0,1,1,1,0,1,1,1,0,0.209900868910125,0.0612379746745364,0.544090845381102
1,0,1,1,1,0,1,1,1,1,0.232258761413869,0.0673746629613092,0.585196799355982
1,0,1,1,1,1,0,0,0,0,0.0518219715823765,0.0222054463380149,0.121329273934014
1,0,1,1,1,1,0,0,0,1,0.0579910179375443,0.0241614147437365,0.134928993768221
1,0,1,1,1,1,0,0,1,0,0.0532618076960824,0.0231926352530618,0.128218122083344
1,0,1,1,1,1,0,0,1,1,0.0596968763866082,0.0257858427729714,0.143214998279252
1,0,1,1,1,1,0,1,0,0,0.1472725586301,0.0604446140919459,0.3325404670556
1,0,1,1,1,1,0,1,0,1,0.162739932558292,0.0674461213754133,0.367952324699922
1,0,1,1,1,1,0,1,1,0,0.149635992430841,0.0621176620117863,0.339491084868929
1,0,1,1,1,1,0,1,1,1,0.166314201054997,0.0701752124769602,0.371021974361746
1,0,1,1,1,1,1,0,0,0,0.105042012894034,0.0297276814106931,0.314877359528149
1,0,1,1,1,1,1,0,0,1,0.117795072158915,0.0329299378519323,0.346866834407176
1,0,1,1,1,1,1,0,1,0,0.109198814369676,0.0317946886765847,0.316349178073631
1,0,1,1,1,1,1,0,1,1,0.120934787874709,0.0351700862989094,0.346937882946051
1,0,1,1,1,1,1,1,0,0,0.290063223473657,0.0816921804345745,0.676144873830622
1,0,1,1,1,1,1,1,0,1,0.316000660423795,0.0924424386869651,0.723582407427315
1,0,1,1,1,1,1,1,1,0,0.295329036065152,0.0889539672487454,0.689566007004811
1,0,1,1,1,1,1,1,1,1,0.324779431824615,0.100438297241408,0.727023165091741
1,1,0,0,0,0,0,0,0,0,0.0141550918839984,0.00634362902588845,0.0319444710826326
1,1,0,0,0,0,0,0,0,1,0.0157132790598298,0.00700998465795715,0.0354110894025167
1,1,0,0,0,0,0,0,1,0,0.0139265832414137,0.00622733330975751,0.0313886632326012
1,1,0,0,0,0,0,0,1,1,0.0154527483904712,0.00690720242502108,0.0346640654957515
1,1,0,0,0,0,0,1,0,0,0.0412001249556917,0.0169914227311366,0.0959427238346941
1,1,0,0,0,0,0,1,0,1,0.0456956051872859,0.0187579645652465,0.105372181810151
1,1,0,0,0,0,0,1,1,0,0.0403860635269998,0.0166569836923537,0.0923691676927843
1,1,0,0,0,0,0,1,1,1,0.0451969828051518,0.018594749894985,0.102347298094834
1,1,0,0,0,0,1,0,0,0,0.0292419736803436,0.00844732421896577,0.0897303600404344
1,1,0,0,0,0,1,0,0,1,0.0324673383519361,0.00962528652747292,0.0993528485625905
1,1,0,0,0,0,1,0,1,0,0.0287873642145234,0.00847087741144693,0.0874381220695128
1,1,0,0,0,0,1,0,1,1,0.0322154946734453,0.00954755348632376,0.0978225696845272
1,1,0,0,0,0,1,1,0,0,0.0851995347071548,0.0244004756419447,0.24857414082985
1,1,0,0,0,0,1,1,0,1,0.0949676948933467,0.0271965078998813,0.276452703675254
1,1,0,0,0,0,1,1,1,0,0.0845019302145696,0.0244607734103648,0.243573285795138
1,1,0,0,0,0,1,1,1,1,0.0938974780680966,0.0273069281956345,0.272468721832727
1,1,0,0,0,1,0,0,0,0,0.0207771585644887,0.00935538870483878,0.0466163960729054
1,1,0,0,0,1,0,0,0,1,0.023255894145301,0.0105857528519107,0.052022558380653
1,1,0,0,0,1,0,0,1,0,0.0204540686174904,0.0092287174382482,0.0464169392863662
1,1,0,0,0,1,0,0,1,1,0.0230246222278235,0.0104571369171733,0.0514548962492538
1,1,0,0,0,1,0,1,0,0,0.0597997416051788,0.0246306817156791,0.138674344102937
1,1,0,0,0,1,0,1,0,1,0.0671659437009892,0.0275968187554336,0.151498769168076
1,1,0,0,0,1,0,1,1,0,0.0588844545831193,0.0244701471881102,0.136748323462081
1,1,0,0,0,1,0,1,1,1,0.0659736866492944,0.0273626875412313,0.149246612633836
1,1,0,0,0,1,1,0,0,0,0.042950756178299,0.0124793457492848,0.131402122527632
1,1,0,0,0,1,1,0,0,1,0.0479016213446459,0.0142605373740863,0.146212303132464
1,1,0,0,0,1,1,0,1,0,0.042478171372329,0.0123167289723806,0.1290925522002
1,1,0,0,0,1,1,0,1,1,0.0474567958336771,0.0141610118882758,0.143989457367256
1,1,0,0,0,1,1,1,0,0,0.124585086326001,0.0351945538345325,0.346816761924385
1,1,0,0,0,1,1,1,0,1,0.138149568616962,0.0391079756211193,0.382121676121716
1,1,0,0,0,1,1,1,1,0,0.122585368843657,0.0351859689106183,0.342330737202124
1,1,0,0,0,1,1,1,1,1,0.135238045248984,0.0400122592805698,0.377614814209294
1,1,0,0,1,0,0,0,0,0,0.0347434625662987,0.0146713881090253,0.0788992403020001
1,1,0,0,1,0,0,0,0,1,0.0389459282586748,0.016223246805682,0.087860434178959
1,1,0,0,1,0,0,0,1,0,0.0340782999415534,0.0145470264199058,0.0776686162055996
1,1,0,0,1,0,0,0,1,1,0.0380724002803167,0.0160592850411772,0.0872940716778942
1,1,0,0,1,0,0,1,0,0,0.0993846985785865,0.0401527666069161,0.222887131720994
1,1,0,0,1,0,0,1,0,1,0.110438310048022,0.0461541356608617,0.246291403024834
1,1,0,0,1,0,0,1,1,0,0.0982709229971646,0.0394557219926752,0.221979091571879
1,1,0,0,1,0,0,1,1,1,0.108971319917397,0.0454611296487183,0.245624841252924
1,1,0,0,1,0,1,0,0,0,0.0719158562984568,0.0205599749687582,0.215076707045794
1,1,0,0,1,0,1,0,0,1,0.0796841845201787,0.0235633708361484,0.23909279776937
1,1,0,0,1,0,1,0,1,0,0.0710993831223484,0.0201893793690877,0.212052184185898
1,1,0,0,1,0,1,0,1,1,0.0784393458626408,0.0233021306667835,0.234870134425261
1,1,0,0,1,0,1,1,0,0,0.199352231388813,0.060185156332441,0.520564739156244
1,1,0,0,1,0,1,1,0,1,0.219936435389746,0.0674742039753842,0.563046317958631
1,1,0,0,1,0,1,1,1,0,0.197295107764599,0.0598030124565303,0.517440950077916
1,1,0,0,1,0,1,1,1,1,0.217922102265772,0.0668933529456196,0.557276893801506
1,1,0,0,1,1,0,0,0,0,0.0506457707618949,0.0217952989719607,0.115886727308207
1,1,0,0,1,1,0,0,0,1,0.0565333157795293,0.024208251109564,0.129539927777832
1,1,0,0,1,1,0,0,1,0,0.0498017193519964,0.0214491827513696,0.115166111998663
1,1,0,0,1,1,0,0,1,1,0.0554254766196217,0.0238267295223558,0.127674544732344
1,1,0,0,1,1,0,1,0,0,0.143302435265643,0.0593123763943201,0.318881160044734
1,1,0,0,1,1,0,1,0,1,0.158004243916693,0.0670037481498935,0.352215870391357
1,1,0,0,1,1,0,1,1,0,0.141779449102384,0.0587647252284737,0.315115637111163
1,1,0,0,1,1,0,1,1,1,0.156253543967608,0.0664544682613301,0.347172624881739
1,1,0,0,1,1,1,0,0,0,0.104371298674004,0.0309725155684408,0.301417418196003
1,1,0,0,1,1,1,0,0,1,0.116007603433478,0.0345737749205711,0.332478308543502
1,1,0,0,1,1,1,0,1,0,0.103042441333236,0.0307755830459352,0.296733618737895
1,1,0,0,1,1,1,0,1,1,0.114403844247281,0.0348852194145085,0.330432523938729
1,1,0,0,1,1,1,1,0,0,0.282267026844937,0.0853806242234552,0.663285449955066
1,1,0,0,1,1,1,1,0,1,0.307958989169376,0.0969328489435776,0.705550551861093
1,1,0,0,1,1,1,1,1,0,0.278287381191114,0.0860505097844536,0.66295885219371
1,1,0,0,1,1,1,1,1,1,0.305474583260513,0.0979245693608218,0.704486526709959
1,1,0,1,0,0,0,0,0,0,0.023238196518245,0.0102675238463913,0.0568371988638651
1,1,0,1,0,0,0,0,0,1,0.0259040420865086,0.0113953259337937,0.0623366982264367
1,1,0,1,0,0,0,0,1,0,0.023010521231568,0.0101009216413454,0.0556871696572991
1,1,0,1,0,0,0,0,1,1,0.0256456565128124,0.011288970267897,0.0613791701978795
1,1,0,1,0,0,0,1,0,0,0.0671469596908389,0.0275894383125703,0.158354022614069
1,1,0,1,0,0,0,1,0,1,0.0745194969719828,0.0307571575277679,0.174062318167721
1,1,0,1,0,0,0,1,1,0,0.0663525940972243,0.0270405803372218,0.154909987737237
1,1,0,1,0,0,0,1,1,1,0.0737326873856534,0.0305625649137106,0.173431474016615
1,1,0,1,0,0,1,0,0,0,0.0477610385841832,0.0135797284712914,0.153211655336758
1,1,0,1,0,0,1,0,0,1,0.0529704003246992,0.0152830925310678,0.164431344399554
1,1,0,1,0,0,1,0,1,0,0.0470659912817674,0.0134011911671691,0.149445301815726
1,1,0,1,0,0,1,0,1,1,0.0524802349468192,0.0150982388272483,0.165689618156262
1,1,0,1,0,0,1,1,0,0,0.138591539522363,0.039526355370484,0.3873622903146
1,1,0,1,0,0,1,1,0,1,0.151959891470734,0.0441581378774837,0.425152918028662
1,1,0,1,0,0,1,1,1,0,0.136642768486355,0.0392779226877753,0.382889746891783
1,1,0,1,0,0,1,1,1,1,0.151298083724964,0.0441431648509555,0.418870686968206
1,1,0,1,0,1,0,0,0,0,0.0339960959894498,0.015305822173232,0.0823487996152653
1,1,0,1,0,1,0,0,0,1,0.0383177138294118,0.0167945888672802,0.0912554788195229
1,1,0,1,0,1,0,0,1,0,0.033681939832071,0.0153460338122834,0.081430626788563
1,1,0,1,0,1,0,0,1,1,0.0378477198272376,0.0168793731656017,0.0900932627525459
1,1,0,1,0,1,0,1,0,0,0.0984026628611938,0.0407430165147969,0.225958817076308
1,1,0,1,0,1,0,1,0,1,0.109034146227716,0.0452785532759102,0.24797035512359
1,1,0,1,0,1,0,1,1,0,0.0968589559541615,0.0399267394372071,0.222227242660005
1,1,0,1,0,1,0,1,1,1,0.107755455822229,0.0449736932981187,0.245583140832471
1,1,0,1,0,1,1,0,0,0,0.0699110166141848,0.0196382677056486,0.215060544841282
1,1,0,1,0,1,1,0,0,1,0.0778842280846839,0.0226365888636667,0.23703025410019
1,1,0,1,0,1,1,0,1,0,0.0687064944100655,0.0196754486065393,0.214204016795608
1,1,0,1,0,1,1,0,1,1,0.0768371882633704,0.0222356438840504,0.23198026109835
1,1,0,1,0,1,1,1,0,0,0.199427345150747,0.0581930569991324,0.531483131613409
1,1,0,1,0,1,1,1,0,1,0.218996679194613,0.065420267760834,0.576744549458121
1,1,0,1,0,1,1,1,1,0,0.196651308616345,0.0568344051925739,0.524966362191337
1,1,0,1,0,1,1,1,1,1,0.217022635534136,0.0648889453522825,0.570534573369088
1,1,0,1,1,0,0,0,0,0,0.0562386382307937,0.0249579107021055,0.135111939828056
1,1,0,1,1,0,0,0,0,1,0.0625736190085172,0.0277509050172547,0.149415006425677
1,1,0,1,1,0,0,0,1,0,0.0555005956085623,0.0245552684114217,0.131680337168347
1,1,0,1,1,0,0,0,1,1,0.0618363294659873,0.0272300290787752,0.146544676820135
1,1,0,1,1,0,0,1,0,0,0.158155240849878,0.0658610207823209,0.353866527116285
1,1,0,1,1,0,0,1,0,1,0.175775084018423,0.0737488827623697,0.387908287657729
1,1,0,1,1,0,0,1,1,0,0.156601712760491,0.06558849063422,0.352680902827196
1,1,0,1,1,0,0,1,1,1,0.173309620206018,0.0737667893651349,0.386718140119026
1,1,0,1,1,0,1,0,0,0,0.116008627104446,0.0326219202435356,0.336447445592619
1,1,0,1,1,0,1,0,0,1,0.12774614837476,0.0368186611158023,0.368367091766297
1,1,0,1,1,0,1,0,1,0,0.114049291492843,0.0323990809409392,0.33113015002045
1,1,0,1,1,0,1,0,1,1,0.126164980599842,0.0367517632754962,0.361732114952843
1,1,0,1,1,0,1,1,0,0,0.310675415168866,0.0942139699803421,0.711799265687945
1,1,0,1,1,0,1,1,0,1,0.33844070771333,0.103403388615795,0.755012469112775
1,1,0,1,1,0,1,1,1,0,0.307949124334518,0.0939121656162678,0.706426298823255
1,1,0,1,1,0,1,1,1,1,0.333993376107298,0.10390738508366,0.745038681605088
1,1,0,1,1,1,0,0,0,0,0.0818115292201126,0.0367987299728926,0.192093412035359
1,1,0,1,1,1,0,0,0,1,0.0910975948052031,0.0407483747022777,0.212914867398641
1,1,0,1,1,1,0,0,1,0,0.0809161846802969,0.0366523682694713,0.190054838998269
1,1,0,1,1,1,0,0,1,1,0.089520971366616,0.0405617721436634,0.209713936099332
1,1,0,1,1,1,0,1,0,0,0.224983164309958,0.0953020580314407,0.478688015005408
1,1,0,1,1,1,0,1,0,1,0.247202108653747,0.108920642530608,0.522553289637915
1,1,0,1,1,1,0,1,1,0,0.22262632668166,0.0954175706877177,0.477136623943493
1,1,0,1,1,1,0,1,1,1,0.244191437306417,0.108042570693663,0.517934604033311
1,1,0,1,1,1,1,0,0,0,0.166184228810664,0.047955719148095,0.455680616298411
1,1,0,1,1,1,1,0,0,1,0.181816171461509,0.0540716684522061,0.495901269939431
1,1,0,1,1,1,1,0,1,0,0.164023116832774,0.0478634090780538,0.449537071394941
1,1,0,1,1,1,1,0,1,1,0.179870306485254,0.0536371183378286,0.486137621398865
1,1,0,1,1,1,1,1,0,0,0.42548248995158,0.136788404661545,0.848785458745918
1,1,0,1,1,1,1,1,0,1,0.460180771654316,0.149838271171509,0.877290448423266
1,1,0,1,1,1,1,1,1,0,0.41995622526357,0.133853430929576,0.844382425008257
1,1,0,1,1,1,1,1,1,1,0.455929948215816,0.151614302811143,0.873137848376556
1,1,1,0,0,0,0,0,0,0,0.0133390039633195,0.00567722977734444,0.0311972880728105
1,1,1,0,0,0,0,0,0,1,0.0149756144758803,0.00644258928946228,0.0346763903751489
1,1,1,0,0,0,0,0,1,0,0.0139265832414137,0.00622733330975751,0.0313886632326012
1,1,1,0,0,0,0,0,1,1,0.0154527483904712,0.00690720242502108,0.0346640654957515
1,1,1,0,0,0,0,1,0,0,0.0394817168738679,0.014644373790441,0.093829394874622
1,1,1,0,0,0,0,1,0,1,0.043994634298082,0.0162984158942897,0.104861313453813
1,1,1,0,0,0,0,1,1,0,0.0403860635269998,0.0166569836923537,0.0923691676927843
1,1,1,0,0,0,0,1,1,1,0.0451969828051518,0.018594749894985,0.102347298094834
1,1,1,0,0,0,1,0,0,0,0.0279015820858135,0.00790552064217549,0.0867444271833311
1,1,1,0,0,0,1,0,0,1,0.031221829346452,0.00880356801463393,0.0977515543332073
1,1,1,0,0,0,1,0,1,0,0.0287873642145234,0.00847087741144693,0.0874381220695128
1,1,1,0,0,0,1,0,1,1,0.0322154946734453,0.00954755348632376,0.0978225696845272
1,1,1,0,0,0,1,1,0,0,0.080911614856115,0.0217824395793605,0.241054539893479
1,1,1,0,0,0,1,1,0,1,0.0904492803391812,0.0246367058450144,0.267594455930233
1,1,1,0,0,0,1,1,1,0,0.0845019302145696,0.0244607734103648,0.243573285795138
1,1,1,0,0,0,1,1,1,1,0.0938974780680966,0.0273069281956345,0.272468721832727
1,1,1,0,0,1,0,0,0,0,0.0196319336787486,0.00869839999744676,0.0450027388483627
1,1,1,0,0,1,0,0,0,1,0.0219575597543929,0.00963040532536509,0.0511237366132611
1,1,1,0,0,1,0,0,1,0,0.0204540686174904,0.0092287174382482,0.0464169392863662
1,1,1,0,0,1,0,0,1,1,0.0230246222278235,0.0104571369171733,0.0514548962492538
1,1,1,0,0,1,0,1,0,0,0.0577217235659935,0.0221110025008964,0.136733394467015
1,1,1,0,0,1,0,1,0,1,0.0639545440798689,0.0243213212820434,0.150722402153972
1,1,1,0,0,1,0,1,1,0,0.0588844545831193,0.0244701471881102,0.136748323462081
1,1,1,0,0,1,0,1,1,1,0.0659736866492944,0.0273626875412313,0.149246612633836
1,1,1,0,0,1,1,0,0,0,0.0414543346319151,0.0115990967249883,0.125107823007073
1,1,1,0,0,1,1,0,0,1,0.0460480737467286,0.0131352876262649,0.140440220633116
1,1,1,0,0,1,1,0,1,0,0.042478171372329,0.0123167289723806,0.1290925522002
1,1,1,0,0,1,1,0,1,1,0.0474567958336771,0.0141610118882758,0.143989457367256
1,1,1,0,0,1,1,1,0,0,0.118296116139081,0.0318025204811997,0.329989697129942
1,1,1,0,0,1,1,1,0,1,0.131593679136419,0.0361265716162983,0.366232397682872
1,1,1,0,0,1,1,1,1,0,0.122585368843657,0.0351859689106183,0.342330737202124
1,1,1,0,0,1,1,1,1,1,0.135238045248984,0.0400122592805698,0.377614814209294
1,1,1,0,1,0,0,0,0,0,0.0327666754921085,0.0135119908298661,0.0748080217886855
1,1,1,0,1,0,0,0,0,1,0.0365473051230637,0.0151233791757781,0.0836294674087632
1,1,1,0,1,0,0,0,1,0,0.0340782999415534,0.0145470264199058,0.0776686162055996
1,1,1,0,1,0,0,0,1,1,0.0380724002803167,0.0160592850411772,0.0872940716778942
1,1,1,0,1,0,0,1,0,0,0.0957497790385301,0.0368835484478269,0.215633904699388
1,1,1,0,1,0,0,1,0,1,0.106230843989718,0.0409194292442952,0.243199839006477
1,1,1,0,1,0,0,1,1,0,0.0982709229971646,0.0394557219926752,0.221979091571879
1,1,1,0,1,0,0,1,1,1,0.108971319917397,0.0454611296487183,0.245624841252924
1,1,1,0,1,0,1,0,0,0,0.0683307326202796,0.019899470826322,0.214921959074431
1,1,1,0,1,0,1,0,0,1,0.0766840378376135,0.0217999811841717,0.235237851754239
1,1,1,0,1,0,1,0,1,0,0.0710993831223484,0.0201893793690877,0.212052184185898
1,1,1,0,1,0,1,0,1,1,0.0784393458626408,0.0233021306667835,0.234870134425261
1,1,1,0,1,0,1,1,0,0,0.190715068968939,0.0545113125405244,0.51442271049183
1,1,1,0,1,0,1,1,0,1,0.210402635275134,0.0609871501952305,0.555394184780041
1,1,1,0,1,0,1,1,1,0,0.197295107764599,0.0598030124565303,0.517440950077916
1,1,1,0,1,0,1,1,1,1,0.217922102265772,0.0668933529456196,0.557276893801506
1,1,1,0,1,1,0,0,0,0,0.0480386966921357,0.0199979282352593,0.11114734156317
1,1,1,0,1,1,0,0,0,1,0.053834022119309,0.0225709330895738,0.12437286939136
1,1,1,0,1,1,0,0,1,0,0.0498017193519964,0.0214491827513696,0.115166111998663
1,1,1,0,1,1,0,0,1,1,0.0554254766196217,0.0238267295223558,0.127674544732344
1,1,1,0,1,1,0,1,0,0,0.138760970766861,0.0553453781390021,0.304165501816998
1,1,1,0,1,1,0,1,0,1,0.153016408229361,0.0607070588313829,0.337055527646867
1,1,1,0,1,1,0,1,1,0,0.141779449102384,0.0587647252284737,0.315115637111163
1,1,1,0,1,1,0,1,1,1,0.156253543967608,0.0664544682613301,0.347172624881739
1,1,1,0,1,1,1,0,0,0,0.0994130360997287,0.0292030558108379,0.295003919313496
1,1,1,0,1,1,1,0,0,1,0.110820533614562,0.0324532946935103,0.326077518665386
1,1,1,0,1,1,1,0,1,0,0.103042441333236,0.0307755830459352,0.296733618737895
1,1,1,0,1,1,1,0,1,1,0.114403844247281,0.0348852194145085,0.330432523938729
1,1,1,0,1,1,1,1,0,0,0.269907833652769,0.0786748004760389,0.654602245475866
1,1,1,0,1,1,1,1,0,1,0.29528944113339,0.0871986800257197,0.692858458876963
1,1,1,0,1,1,1,1,1,0,0.278287381191114,0.0860505097844536,0.66295885219371
1,1,1,0,1,1,1,1,1,1,0.305474583260513,0.0979245693608218,0.704486526709959
1,1,1,1,0,0,0,0,0,0,0.0221918700120589,0.0094429551243489,0.0534357292277809
1,1,1,1,0,0,0,0,0,1,0.0248164924689142,0.0105236181359772,0.0586671067108224
1,1,1,1,0,0,0,0,1,0,0.023010521231568,0.0101009216413454,0.0556871696572991
1,1,1,1,0,0,0,0,1,1,0.0256456565128124,0.011288970267897,0.0613791701978795
1,1,1,1,0,0,0,1,0,0,0.064441691368839,0.0250749125416724,0.15588199704086
1,1,1,1,0,0,0,1,0,1,0.0719005384160746,0.0282512271556406,0.174728894965943
1,1,1,1,0,0,0,1,1,0,0.0663525940972243,0.0270405803372218,0.154909987737237
1,1,1,1,0,0,0,1,1,1,0.0737326873856534,0.0305625649137106,0.173431474016615
1,1,1,1,0,0,1,0,0,0,0.0453871680546022,0.012826360100479,0.146939702573974
1,1,1,1,0,0,1,0,0,1,0.0511573626879487,0.014421278099236,0.164350810170756
1,1,1,1,0,0,1,0,1,0,0.0470659912817674,0.0134011911671691,0.149445301815726
1,1,1,1,0,0,1,0,1,1,0.0524802349468192,0.0150982388272483,0.165689618156262
1,1,1,1,0,0,1,1,0,0,0.132751311474213,0.0340588285821767,0.375069025254501
1,1,1,1,0,0,1,1,0,1,0.146799059481361,0.0377407155984869,0.414965977965573
1,1,1,1,0,0,1,1,1,0,0.136642768486355,0.0392779226877753,0.382889746891783
1,1,1,1,0,0,1,1,1,1,0.151298083724964,0.0441431648509555,0.418870686968206
1,1,1,1,0,1,0,0,0,0,0.032581352649421,0.0139702267546637,0.0790670706283403
1,1,1,1,0,1,0,0,0,1,0.0364500763032708,0.0155138174008738,0.0874113253447321
1,1,1,1,0,1,0,0,1,0,0.033681939832071,0.0153460338122834,0.081430626788563
1,1,1,1,0,1,0,0,1,1,0.0378477198272376,0.0168793731656017,0.0900932627525459
1,1,1,1,0,1,0,1,0,0,0.0948376902531775,0.036971472657619,0.222464842847149
1,1,1,1,0,1,0,1,0,1,0.104691445109375,0.0415672850587134,0.245285202221475
1,1,1,1,0,1,0,1,1,0,0.0968589559541615,0.0399267394372071,0.222227242660005
1,1,1,1,0,1,0,1,1,1,0.107755455822229,0.0449736932981187,0.245583140832471
1,1,1,1,0,1,1,0,0,0,0.066568877873611,0.018801040669679,0.212286578467257
1,1,1,1,0,1,1,0,0,1,0.0751314511994441,0.0212220181011692,0.235583300531783
1,1,1,1,0,1,1,0,1,0,0.0687064944100655,0.0196754486065393,0.214204016795608
1,1,1,1,0,1,1,0,1,1,0.0768371882633704,0.0222356438840504,0.23198026109835
1,1,1,1,0,1,1,1,0,0,0.190013841302491,0.0510924922480854,0.505358634226619
1,1,1,1,0,1,1,1,0,1,0.209619597239263,0.0569691907720725,0.545514291214669
1,1,1,1,0,1,1,1,1,0,0.196651308616345,0.0568344051925739,0.524966362191337
1,1,1,1,0,1,1,1,1,1,0.217022635534136,0.0648889453522825,0.570534573369088
1,1,1,1,1,0,0,0,0,0,0.0545530887936774,0.0233803518773423,0.12853309082524
1,1,1,1,1,0,0,0,0,1,0.0608973708513359,0.0260540666394144,0.14210797834318
1,1,1,1,1,0,0,0,1,0,0.0555005956085623,0.0245552684114217,0.131680337168347
1,1,1,1,1,0,0,0,1,1,0.0618363294659873,0.0272300290787752,0.146544676820135
1,1,1,1,1,0,0,1,0,0,0.152424181372216,0.0622415350354956,0.352954841869384
1,1,1,1,1,0,0,1,0,1,0.168905335314056,0.0702277440806978,0.385952027205398
1,1,1,1,1,0,0,1,1,0,0.156601712760491,0.06558849063422,0.352680902827196
1,1,1,1,1,0,0,1,1,1,0.173309620206018,0.0737667893651349,0.386718140119026
1,1,1,1,1,0,1,0,0,0,0.1102238165253,0.0298980486634377,0.329176355606082
1,1,1,1,1,0,1,0,0,1,0.122752309213952,0.0334845531503409,0.360677948573714
1,1,1,1,1,0,1,0,1,0,0.114049291492843,0.0323990809409392,0.33113015002045
1,1,1,1,1,0,1,0,1,1,0.126164980599842,0.0367517632754962,0.361732114952843
1,1,1,1,1,0,1,1,0,0,0.298918826842233,0.0843821884429228,0.710561796222267
1,1,1,1,1,0,1,1,0,1,0.327155401049212,0.0935115289847107,0.745073390548602
1,1,1,1,1,0,1,1,1,0,0.307949124334518,0.0939121656162678,0.706426298823255
1,1,1,1,1,0,1,1,1,1,0.333993376107298,0.10390738508366,0.745038681605088
1,1,1,1,1,1,0,0,0,0,0.0792373838870291,0.034570346282334,0.185706703357614
1,1,1,1,1,1,0,0,0,1,0.0876994148397344,0.0384393035678806,0.205967835250061
1,1,1,1,1,1,0,0,1,0,0.0809161846802969,0.0366523682694713,0.190054838998269
1,1,1,1,1,1,0,0,1,1,0.089520971366616,0.0405617721436634,0.209713936099332
1,1,1,1,1,1,0,1,0,0,0.21660906228447,0.0915452687057861,0.474962602568517
1,1,1,1,1,1,0,1,0,1,0.23924967460317,0.103017115859285,0.513097320685866
1,1,1,1,1,1,0,1,1,0,0.22262632668166,0.0954175706877177,0.477136623943493
1,1,1,1,1,1,0,1,1,1,0.244191437306417,0.108042570693663,0.517934604033311
1,1,1,1,1,1,1,0,0,0,0.157620370857548,0.0455833586171587,0.451692629240879
1,1,1,1,1,1,1,0,0,1,0.175314336417276,0.0504488212547879,0.480711921877817
1,1,1,1,1,1,1,0,1,0,0.164023116832774,0.0478634090780538,0.449537071394941
1,1,1,1,1,1,1,0,1,1,0.179870306485254,0.0536371183378286,0.486137621398865
1,1,1,1,1,1,1,1,0,0,0.410029224008194,0.123657692665361,0.836537494630116
1,1,1,1,1,1,1,1,0,1,0.445877542927088,0.139917928432757,0.865105529283373
1,1,1,1,1,1,1,1,1,0,0.41995622526357,0.133853430929576,0.844382425008257
1,1,1,1,1,1,1,1,1,1,0.455929948215816,0.151614302811143,0.873137848376556
